1000,Ricky,Duncan,jean67@example.net,+1-264-876-6900x943,9274 David Summit,Los Angeles,22222
1001,Pamela,Kemp,ryan36@example.org,001-539-523-8932,8355 Baker Summit Apt. 861,Miami,555555
1002,Haley,Kennedy,patrick87@example.net,+1-331-404-8888x76074,16624 Rodriguez Burgs,New York,22222
1003,Alicia,Brown,zmontgomery@example.net,723.338.0602x1633,1172 Dorothy Green Apt. 385,Los Angeles,555555
1004,Robin,Martin,olarson@example.net,672-530-4954x16398,365 White Turnpike Suite 796,Los Angeles,444444
1005,Patricia,Mendoza,jonathon37@example.com,(398)445-2521,2259 Karen Common Apt. 188,Chicago,33333
1006,Derek,Spencer,alexanderglass@example.org,(466)763-6740x308,6270 Stephens Trail Suite 310,Chicago,11111
1007,Jessica,Owen,bowenchristopher@example.com,001-826-969-3407x44726,37451 Willis Station Apt. 885,Houston,555555
1008,Randall,Lopez,jennifermiller@example.net,(615)870-9430,080 Sullivan Greens Apt. 757,Chicago,33333
1009,John,Miller,nbell@example.net,(543)724-8507x9538,3251 Blackwell Parkways Apt. 660,Chicago,33333
1010,Lisa,Hudson,jordandenise@example.net,394-365-5146x646,61273 Long Avenue,Chicago,444444
1011,Jose,Clark,melissayu@example.com,+1-661-755-9404x428,763 Jennifer Mountain,New York,444444
1012,Linda,Jones,zaustin@example.com,(926)442-8181x0785,948 Sean Extensions,New York,22222
1013,Paul,Allen,cindyortega@example.org,693-318-3412,926 Daniel Mission,Chicago,22222
1014,Justin,Bass,alejandro45@example.org,001-315-778-7431,2387 Veronica Tunnel Apt. 562,Miami,33333
1015,Jerome,Williamson,bkelly@example.com,817-264-0533,07742 Brenda Inlet Suite 309,New York,22222
1016,Christopher,Collier,johnsonchristopher@example.org,(856)710-1872x10217,15663 Jerry Key Suite 567,Chicago,33333
1017,Charles,Young,jennifermiller@example.com,475-470-4896,00134 Kimberly Vista Suite 162,Los Angeles,11111
1018,Cheyenne,Garcia,diazmatthew@example.com,(758)811-1976,46982 Stewart Port,Houston,22222
1019,Kimberly,Riley,phowell@example.com,342-566-3807,561 Mullen Crest,New York,33333
1020,Theresa,Sampson,tgarcia@example.com,654-648-6529x0382,572 Hood Locks Suite 508,Los Angeles,11111
1021,Jack,Ellis,smithmichelle@example.com,2462447589,6135 Bell Spring Suite 467,New York,22222
1022,Emily,Watson,mark42@example.net,-4443,76864 Cooper Mountain,Chicago,11111
1023,Brooke,Johnson,mthomas@example.com,270.675.5891x219,8667 Robinson Pine Suite 248,New York,22222
1024,Jordan,Frank,jsmith@example.net,376-466-6451x44422,351 Richardson Points,New York,555555
1025,Valerie,Barnes,warrenkelly@example.net,+1-440-951-8374x7476,1553 Nguyen Ranch,New York,22222
1026,Bradley,Le,bestmaria@example.com,+1-680-521-6916x70322,66704 Joseph Crossing,Los Angeles,444444
1027,Donna,Morgan,lisaburton@example.org,427-722-4781x01676,734 Calderon Crossroad Apt. 646,New York,22222
1028,Marissa,Maynard,robert27@example.net,609-534-5724,987 Ortega Rapids,New York,555555
1029,Kerry,Hurley,moonjeanne@example.org,-3028,55830 Kari Path,Los Angeles,11111
1030,Patricia,Moore,andrew17@example.com,3257870170,9466 Mitchell Station Suite 614,Miami,33333
1031,Cynthia,Vargas,jamesmcdonald@example.com,+1-757-356-1808x0974,067 Cynthia Dam,Los Angeles,33333
1032,Zachary,Knox,walkerrobin@example.com,001-599-489-6729x844,4779 Kendra Isle,New York,444444
1033,Micheal,Wilson,deanalyssa@example.org,001-880-354-6746x25952,1435 Jones Hills,Houston,22222
1034,Lauren,Moreno,fergusonhayley@example.com,001-678-887-2032x948,070 Gary Pine Suite 272,Chicago,33333
1035,Joseph,Campbell,deannacarter@example.net,001-880-985-1555x772,858 Owens Pike,Houston,444444
1036,Brian,Tyler,thomasrichards@example.com,820-497-0077,508 Michael Mews Apt. 732,New York,555555
1037,Thomas,Miller,kristinevelazquez@example.org,(840)808-4672x9449,259 Pamela Circles Suite 838,New York,11111
1038,Vanessa,Walsh,julieavila@example.net,001-911-487-2792,612 Jennifer Ports Apt. 608,Chicago,11111
1039,Shelly,Williams,qreid@example.net,425-330-4650x114,077 Wright Fort,Los Angeles,11111
1040,Kimberly,Walker,rbell@example.net,+1-679-595-7192x28438,446 Swanson Extension,Los Angeles,555555
1041,Mark,Garcia,cwatts@example.com,001-559-753-6675x466,028 Dawn Station,Miami,555555
1042,David,Stevens,umadden@example.org,612-624-2094,2543 Zuniga Turnpike Suite 391,Chicago,22222
1043,Rick,Miller,anelson@example.org,847-659-2508x5396,52421 Tiffany Alley,Chicago,22222
1044,Frank,Garcia,zoneal@example.net,(406)620-7449,324 Jones Freeway,Houston,22222
1045,Loretta,Johnson,xsmith@example.org,+1-934-600-9903x3972,451 Prince Mountains,Miami,22222
1046,Danielle,Watson,schwartzsusan@example.net,001-882-518-8841x9473,10524 Bryan Street,Miami,33333
1047,Michael,Chapman,fhurst@example.net,001-890-632-4746x5647,74990 Joshua Parks,Chicago,555555
1048,Brandon,Martin,moodymichael@example.org,7906372556,38319 James Plaza,Chicago,33333
1049,Valerie,Rogers,aprilblake@example.net,(924)940-9241,981 Veronica Circles,Houston,11111
1050,Marcia,Franklin,omorgan@example.net,(400)221-9732x361,20763 Sara Squares,Los Angeles,33333
1051,Timothy,Heath,scott78@example.com,(962)725-4720,1489 Jerome Throughway,New York,22222
1052,Linda,Brennan,zmeyer@example.com,+1-412-304-8586x245,469 Ruth Point Suite 372,Houston,33333
1053,Tyler,Rogers,othompson@example.org,748.861.3018x77646,1916 Parrish Stravenue,Los Angeles,33333
1054,Amy,Wilson,nathansimmons@example.net,466-222-1780x9144,46878 Alexander Forest,Houston,444444
1055,Vernon,Macias,clarkejennifer@example.org,001-606-512-2618x5145,52129 Chase Knoll Suite 584,Houston,444444
1056,Scott,Caldwell,brooke62@example.com,+1-453-462-2307x9266,6531 Jenkins Manors,Miami,555555
1057,Crystal,Cole,marknorton@example.org,607.499.3679x885,5596 Garcia Plaza Apt. 495,Houston,444444
1058,Patricia,Smith,lhenderson@example.com,(389)378-9554,961 Janice Coves Suite 508,New York,22222
1059,Cynthia,Mata,annacampos@example.org,956-219-0527,089 Randall Divide Apt. 073,Miami,11111
1060,Brenda,Holt,janice57@example.org,606-690-4107x7617,0511 Stephanie Shores,Houston,22222
1061,Michaela,Kane,smithkayla@example.net,(732)348-1098x6375,023 Jennifer Islands Suite 868,Miami,11111
1062,Carol,Brown,fhunter@example.net,397-332-4141x5891,41081 Michael Isle Suite 155,Houston,444444
1063,Jennifer,Williams,wgraham@example.net,353.518.4054x62757,28326 Chase Orchard,Miami,22222
1064,Marie,Gay,baileybrian@example.net,412-973-7499,79632 Turner Route Apt. 289,Miami,22222
1065,Erica,Fernandez,sandraho@example.org,(995)289-3963x25542,023 Sawyer Flat,Chicago,444444
1066,Joanna,Howe,blankenshiperin@example.com,+1-861-616-5967x3203,062 Rose Forks Apt. 226,Miami,22222
1067,Dominic,Hall,jennifer45@example.com,(476)869-3649x243,068 Joshua Causeway Apt. 314,Chicago,555555
1068,James,Stewart,angela92@example.org,820.405.0498x72094,4677 Knight Highway Apt. 645,Chicago,555555
1069,Chloe,Murray,peter85@example.org,-3736,2181 Michael Valleys Apt. 892,New York,555555
1070,Amber,Gray,william37@example.net,323.215.4285,94006 Richard Gardens,Chicago,22222
1071,Tina,Jackson,umitchell@example.org,001-985-881-8249x1115,0980 Daniel Cliff,Miami,11111
1072,Christopher,Mccullough,thompsonamanda@example.org,8484947395,3965 Diaz Ferry Apt. 565,New York,33333
1073,Kevin,Tucker,zsimpson@example.net,(793)479-8192x21014,419 Dawson Ramp,New York,444444
1074,Gary,Blake,iross@example.org,(751)725-0630,3086 Howell Tunnel,Houston,22222
1075,Jason,Vega,andrewsyolanda@example.net,322.712.8155,2678 Mcmillan Road Apt. 992,Los Angeles,444444
1076,Kevin,Hall,amyhoover@example.org,469.289.4128,34594 Richard Point Apt. 541,Houston,22222
1077,Veronica,Perez,george40@example.org,+1-806-251-1051x0178,1479 Caleb Union,Miami,22222
1078,Cody,Johnson,upitts@example.net,-1471,048 Long Rapid,Houston,33333
1079,Denise,Anthony,jonesmark@example.org,(808)966-1401x739,42350 Contreras Throughway,Los Angeles,555555
1080,Keith,Roberts,fhaynes@example.com,(762)417-6129x620,10465 Reynolds Forges Suite 872,Los Angeles,444444
1081,David,Edwards,christopher75@example.com,001-653-276-4317x7723,9309 Krueger Ford Apt. 492,Houston,22222
1082,Brian,Love,middletontina@example.com,5307315869,72505 Mary Isle Suite 287,New York,11111
1083,Brandon,Gutierrez,bowmanchelsea@example.net,(570)361-3217x5349,298 Michael Springs,Chicago,11111
1084,Dawn,Hogan,rkim@example.org,(419)482-3519x2329,46547 Farmer Avenue,Houston,444444
1085,Rebecca,Welch,poncesusan@example.net,-9679,4178 Aguilar Harbor,Houston,11111
1086,Kristin,Brandt,sparksgeoffrey@example.org,+1-600-479-5148x7474,7615 Steven Knoll Apt. 057,Chicago,555555
1087,Mark,Hernandez,christopher64@example.org,(608)565-2101x2947,634 Robert Bridge Suite 964,Miami,555555
1088,Cassandra,Smith,joesimmons@example.net,(252)256-2804x8500,21758 Blake Cove Apt. 284,Los Angeles,444444
1089,Matthew,Sandoval,dianeharris@example.org,(756)642-4751x753,6679 Maldonado Plaza Suite 055,Chicago,22222
1090,Nicholas,Harper,sean35@example.net,232-742-7811x8086,5123 Hall Drive Suite 230,New York,22222
1091,Gregory,Nguyen,jacqueline09@example.com,(956)879-1242x55394,26021 Briana Prairie,Chicago,11111
1092,Sean,Garcia,huangjennifer@example.net,860.455.8603x79288,975 Daugherty Route,Miami,22222
1093,Antonio,Wright,tammywilliams@example.com,572-448-0199,867 Laura Fields Apt. 152,Miami,22222
1094,Leslie,Clark,klewis@example.net,629-822-7325,464 Williams Street,Los Angeles,444444
1095,Lauren,Davis,bennettjennifer@example.org,691-595-9972x13543,03730 Robert Landing,Los Angeles,444444
1096,Kelsey,Stein,camposgwendolyn@example.com,938.594.3642x45064,407 Lane Ford Apt. 719,Houston,22222
1097,Joseph,Price,sean53@example.net,8459167459,4833 Matthew Prairie,New York,555555
1098,Nicholas,Dawson,amanda38@example.com,284-250-7820x8896,0985 Andersen Ports Suite 479,Los Angeles,33333
1099,Anna,Griffin,april75@example.net,(465)637-9543x32044,8476 Cooke Village,Los Angeles,22222
1100,Jessica,Murphy,ryan98@example.org,200.538.2131x2517,36802 Malone Terrace,Houston,555555
1101,Amber,Cole,smithjeffrey@example.com,660.960.0436x5329,706 Brown Glens Apt. 293,Chicago,22222
1102,Emma,Herrera,davidgomez@example.org,979-480-8297x168,2594 Christopher Ferry Apt. 529,Houston,444444
1103,Rachael,Watson,taylordiana@example.org,+1-440-861-7883x07159,817 Christine Isle Suite 479,Los Angeles,555555
1104,Erik,Preston,morsedawn@example.com,598.768.5701,87917 Joshua Inlet Suite 303,Los Angeles,33333
1105,David,King,hernandezlinda@example.net,651.737.1402,6403 Kathy Mission Apt. 381,Miami,11111
1106,Melissa,Ballard,ahunter@example.net,331-718-9753,86881 Suzanne Place,Los Angeles,444444
1107,Susan,Stevenson,jennifer35@example.org,6886525950,34502 Arnold Summit,Los Angeles,444444
1108,Susan,Thompson,phillipsrebecca@example.org,722.636.4597,99709 Rodriguez Plains Suite 284,Chicago,22222
1109,Susan,Adams,qcarter@example.com,(571)277-9128,45421 Sandoval Key,Los Angeles,444444
1110,Charles,Martin,williamsdeanna@example.net,358.249.5085,97103 Brown Mission Apt. 865,Miami,555555
1111,Cynthia,Jackson,xmiller@example.com,(316)212-9637x204,4453 Gardner Plain Apt. 915,Los Angeles,33333
1112,Lacey,Moreno,wstewart@example.org,(216)716-8597x574,89112 Jones Rapid Suite 221,Houston,11111
1113,Dean,Evans,villegaschristina@example.com,(280)585-3426,618 Timothy Junction Suite 451,Los Angeles,444444
1114,Stephanie,Adams,jeff79@example.net,+1-473-525-7257x05170,30703 Black Park,Miami,33333
1115,Susan,Wiley,dennis13@example.net,001-699-455-7202,3165 Bailey Mountains Suite 733,Miami,555555
1116,Betty,Stevens,yclark@example.com,927.862.3353x0041,746 Lopez Islands,Miami,444444
1117,Anthony,Carpenter,brett01@example.org,+1-294-663-8087x61837,45636 Wood Garden Apt. 635,Houston,11111
1118,Edward,White,jenniferevans@example.org,2967622218,92680 Sims Grove Suite 123,Miami,444444
1119,Dorothy,Mclean,gevans@example.net,960.916.8209,4613 Carlos Port Apt. 323,New York,555555
1120,Mackenzie,Rojas,markssarah@example.org,-3721,331 Joyce Hills,Miami,11111
1121,Debra,Olson,csmith@example.net,-7200,447 Dennis Parkway,Houston,444444
1122,Katie,Murray,stephaniemartin@example.net,001-719-777-0415x58618,5429 Michael Place,Houston,11111
1123,Susan,Hernandez,nancymartinez@example.org,3514212301,49839 Hunter Harbors,New York,33333
1124,Wayne,Jones,bjones@example.org,(516)410-4219x7325,793 Perez Parks,Chicago,555555
1125,Troy,Hill,douglas83@example.net,-4051,940 Hartman Lights Suite 153,Los Angeles,33333
1126,James,Banks,nlee@example.org,(424)901-7254x738,2468 Michael Hill Suite 528,New York,22222
1127,Charles,Ruiz,douglas30@example.net,5304393631,0630 Benjamin Extension Suite 009,Houston,555555
1128,Daniel,Willis,nicholsjulie@example.net,550-931-3558,3688 Olson Crossroad Apt. 883,Houston,555555
1129,Jessica,Cox,christine12@example.org,803.410.5148x91355,25946 Andrew Unions Suite 873,Los Angeles,22222
1130,Jennifer,May,stonejamie@example.com,(789)664-5290,077 Levine Junctions Apt. 857,Chicago,33333
1131,Cheryl,Gill,ustark@example.org,6264436105,734 Bennett Prairie,Miami,11111
1132,Joshua,Jones,georgeshepherd@example.org,906-504-9731x29702,487 Nguyen Streets Suite 832,Los Angeles,11111
1133,Shawn,Johnson,uwilliams@example.org,434.731.9076x22646,052 Weber Meadow,Houston,444444
1134,Brian,Hall,sandersjoseph@example.net,224.338.0788,5062 Kimberly Tunnel Apt. 000,Chicago,444444
1135,Brian,Adams,hayesdarius@example.net,526-611-2457,521 Bailey Green Apt. 843,Chicago,22222
1136,Carmen,Weber,john03@example.org,9088539934,482 Tracey Mountains Suite 957,Los Angeles,555555
1137,Melanie,Anderson,hsantiago@example.net,984.671.5511x1583,847 Denise Junctions,Los Angeles,444444
1138,Heidi,Zhang,lhutchinson@example.net,001-431-434-8986x6704,0779 Alexander Skyway Apt. 169,Houston,11111
1139,Scott,Morris,brian48@example.net,523.824.0787x307,242 Nelson Estate Suite 674,Miami,33333
1140,Valerie,Harper,johnsonbarbara@example.net,(434)819-8218x601,543 Mary Parkway,Houston,11111
1141,Russell,Santana,uochoa@example.com,(582)904-2469x147,1126 Diana Villages,Miami,555555
1142,Evelyn,Aguilar,ocarroll@example.com,001-851-562-6645x904,03110 Tonya Rapid,Miami,22222
1143,Joyce,Jacobson,vbaxter@example.org,001-869-301-0928x75402,506 Barton Park Apt. 607,Houston,11111
1144,Theodore,Luna,sbernard@example.org,+1-950-313-9405x67862,3267 Jerry Curve,Los Angeles,555555
1145,Lori,Mendez,murrayjohn@example.com,(681)617-0327x98578,7977 Gomez Falls Apt. 448,Los Angeles,555555
1146,Jeffrey,Benton,bnguyen@example.org,958.516.1379,01746 Cole Run,Los Angeles,11111
1147,James,Grant,hinesrhonda@example.net,266.394.9029,9038 William Village Apt. 183,Miami,444444
1148,Katherine,Klein,ncampbell@example.org,+1-927-915-2386x45822,875 Brett Street,Miami,555555
1149,Sonya,Jones,paulalvarez@example.net,530.391.0356,7086 David Bypass,New York,11111
1150,Edward,Ruiz,jamesvang@example.net,+1-491-456-4188x99304,961 Hawkins Roads,Los Angeles,33333
1151,Matthew,Larson,charrington@example.net,2595036896,7656 Andrade Unions Apt. 918,New York,11111
1152,Julie,Mathews,tsolis@example.com,704-571-3532x947,246 Adam Centers Suite 541,New York,11111
1153,Jason,Fleming,gregoryrodriguez@example.com,001-979-512-7552x8667,637 Henson Lights,New York,22222
1154,Joel,Williams,johnsonpamela@example.com,969-632-7310x028,99524 Michelle Mountain,New York,33333
1155,Ashley,Sharp,juliawaters@example.org,7656307061,3523 Garner Common Apt. 657,Los Angeles,33333
1156,Bruce,Hunter,albert55@example.net,+1-927-262-1571x1587,6110 Teresa Way,Miami,11111
1157,Tanya,Huynh,zwilson@example.com,801.392.9035x72483,89766 Mcfarland Forges,Chicago,11111
1158,Christine,Ali,mcdonaldmichelle@example.org,483-659-2290x02624,2870 Eric Springs,New York,444444
1159,Melanie,Lopez,karendavis@example.com,+1-220-924-1844x6665,45852 Michael Drive Suite 121,Los Angeles,444444
1160,Sarah,Wolfe,neilcunningham@example.net,746-429-0469x33324,50378 Olivia Village Suite 983,Los Angeles,33333
1161,Ashley,Wilson,kristopher70@example.com,434.750.0656x29600,612 Pamela Mill,Houston,11111
1162,Ricardo,Estes,paul27@example.com,668.328.1382x355,78939 Tony Canyon,Los Angeles,444444
1163,Doris,Marshall,crystalmays@example.net,2379423770,1010 Reynolds Circles,Miami,22222
1164,Paul,Foster,ryanmonica@example.org,357.760.5778x46002,509 Stevens Villages,New York,555555
1165,Pamela,Hebert,thomascandace@example.org,441.307.1489,543 Keith Mountain Suite 448,Los Angeles,22222
1166,Alejandro,Arroyo,kimberly32@example.com,(507)456-6615x766,8845 Matthew Run,Houston,444444
1167,Katherine,Andrews,normanbrittany@example.net,001-581-367-9103x645,11586 Daugherty Burgs Suite 813,Los Angeles,11111
1168,Christopher,Walsh,wellsdenise@example.com,001-489-754-7102x25092,300 Christina Cove,New York,444444
1169,Michael,King,christopher53@example.com,(397)713-1289x5538,091 Huffman Stravenue Apt. 544,Miami,33333
1170,Timothy,Blackwell,michele21@example.net,(264)799-5114x48520,08542 Clark Cape,Los Angeles,22222
1171,Lori,Hardy,taylornicole@example.org,(628)784-4963x866,22676 Avila Island,Chicago,444444
1172,Jonathan,Noble,qsmith@example.net,238.310.3382x66965,923 Caitlin Skyway Apt. 561,Chicago,22222
1173,Sandra,Glass,griffinmckenzie@example.net,633-357-9918x22707,322 Parker Ferry Apt. 850,Miami,444444
1174,Kevin,Reynolds,thomasbrooks@example.org,(661)623-1527x0126,61239 Murphy Forge Suite 561,Miami,22222
1175,Lauren,Watson,cheyenne00@example.net,297.502.9335x841,14807 Ortiz Spurs,Chicago,555555
1176,Mariah,Cortez,butlerjulia@example.org,329.816.4605x48631,200 Brandon Cliffs,New York,33333
1177,Ashley,Murphy,millerwilliam@example.net,-2608,5075 Meghan Route Apt. 543,Miami,11111
1178,Danielle,Fernandez,lramirez@example.org,625.489.6227x89300,65123 Elizabeth Light Suite 834,Los Angeles,33333
1179,Joseph,Turner,williamkirk@example.org,495.352.7004x540,747 Alan Mount Suite 451,Houston,444444
1180,Briana,Hodge,robinhughes@example.org,310.723.7261,45973 Hansen Estate Apt. 422,Chicago,555555
1181,Donald,Myers,christopher89@example.org,316.782.2526x89513,129 Perkins Extensions Apt. 500,Miami,11111
1182,Cynthia,Castillo,sriley@example.net,(407)876-0479x9857,831 Vanessa Square,Houston,22222
1183,Sara,Russell,yhenderson@example.net,001-700-818-7329,401 Jennifer Street Apt. 743,New York,22222
1184,Paula,Frost,michaelthomas@example.net,863.921.3443x2651,13031 Terri Cliff,Houston,33333
1185,Paul,Camacho,kreynolds@example.net,857-692-1353x15977,252 Mathis River,Houston,33333
1186,Angela,Figueroa,zwebster@example.net,+1-658-820-2876x012,1494 Steven Shores Suite 193,Los Angeles,33333
1187,Connor,Bowers,mark76@example.org,(672)780-4915,941 David Roads Apt. 211,Houston,22222
1188,Tiffany,Watts,oneillroberto@example.net,407-985-0511x008,8948 David Green Apt. 481,Houston,444444
1189,Melissa,Cooper,cartermadeline@example.org,948.822.4962x1935,1561 Brooks Pines,Chicago,11111
1190,Mark,Griffith,millerkaren@example.com,224.596.4285x310,7261 Christopher Courts,New York,444444
1191,Teresa,Garcia,johnsonjacob@example.net,(293)531-2507x1211,2569 Gardner Keys Apt. 255,New York,11111
1192,Sandra,Santana,tapiasandra@example.com,6756964181,46916 Catherine Club,New York,33333
1193,Richard,Gomez,sabrinamorton@example.com,931.620.7524,3047 Emily Hollow Suite 761,Chicago,11111
1194,Suzanne,Boyd,dlittle@example.org,(925)385-7073x9621,2623 Kimberly Stream,Houston,11111
1195,Cynthia,Wells,apriltaylor@example.net,001-639-789-8877x48160,3633 Jacqueline Meadows Apt. 108,Houston,22222
1196,Michael,Morgan,lday@example.net,234.227.8154x6505,4557 Solis Throughway Apt. 901,New York,22222
1197,Douglas,Bell,jeremyleblanc@example.org,(359)358-7869x529,3361 Hayes Mountain Apt. 340,Chicago,11111
1198,James,Terry,rogersterri@example.net,836.630.6398x322,603 Janet Courts Apt. 202,Los Angeles,22222
1199,Mary,Gonzales,cassandraramos@example.org,686.803.0518,13164 Craig Keys Suite 962,Los Angeles,555555
1200,Paul,Fischer,bmendoza@example.com,776-612-1140,07687 Amanda Lights,New York,11111
1201,Paul,Stone,ggonzalez@example.com,989.883.6483,6526 Walker Turnpike,Houston,555555
1202,Jenna,Griffith,michaelfoster@example.net,(550)912-4211x7240,90963 Adam Port,Los Angeles,22222
1203,Charles,Knox,barrybeasley@example.net,-7792,85276 White Village,Miami,11111
1204,Tony,Marshall,brian46@example.net,600.907.1736x5963,94535 Alicia Parks,Chicago,11111
1205,Ryan,Fernandez,arroyoguy@example.com,+1-926-424-1338x106,4830 Smith Course,New York,11111
1206,Mathew,Henson,ginajohnson@example.org,7456287970,15578 Timothy Course Suite 303,New York,444444
1207,Donna,Bell,hthomas@example.net,001-606-615-4820x7591,426 Michelle Wall,Los Angeles,444444
1208,David,Mckinney,kochmichael@example.org,001-413-297-9160,6203 Rick Pines,Houston,555555
1209,Alexander,Garcia,eromero@example.org,-5872,0455 Bennett Square Apt. 622,New York,11111
1210,Joshua,Estes,taylormichael@example.com,001-492-678-9643x489,2184 Dennis Harbor Apt. 753,Houston,11111
1211,Scott,Carlson,faulknerolivia@example.com,001-919-496-0066,273 James Skyway,Miami,22222
1212,Shelly,Martinez,averybrittany@example.org,550-410-8799,13387 Morrow Throughway,Houston,444444
1213,Kathryn,Hopkins,dwilson@example.org,001-368-762-1174,15827 Sandra Village,Miami,555555
1214,Christina,Knapp,petersutton@example.com,862.867.9408x931,78861 Angela Spur,Miami,11111
1215,Jessica,Olsen,heather64@example.org,+1-213-496-1936x7929,6199 Courtney Station Suite 899,Houston,22222
1216,David,Paul,aprilstevens@example.net,257.751.8503,44925 Maxwell Courts,New York,33333
1217,Jean,Wells,elizabethburns@example.com,678-863-9457x76166,653 Angela Fall,Miami,33333
1218,Stacy,Mosley,brasmussen@example.org,276.981.2111x813,51854 Jonathan Shores,Miami,22222
1219,Christopher,Short,fletcherjasmine@example.org,001-561-659-2586x772,76493 Butler Highway,New York,33333
1220,Alexander,Williams,aking@example.com,701-732-2636x2453,437 Daniel Parkways Apt. 160,Houston,444444
1221,Andrea,Mayer,psutton@example.org,001-505-575-9901x224,4981 Carol Pass Apt. 256,Houston,444444
1222,John,Hardy,matthewwhite@example.org,9374140808,05931 Fisher Estate,New York,11111
1223,Hunter,Bailey,belinda57@example.com,+1-782-817-6397x056,6417 Richardson Gateway Apt. 093,Chicago,444444
1224,Shelly,Lee,howesarah@example.net,551-917-9227,46220 Sanders Creek,Miami,555555
1225,Michelle,Marshall,markthomas@example.com,+1-495-421-2492x75619,7037 Megan Isle,Chicago,11111
1226,Sharon,Cruz,bthompson@example.org,+1-490-594-4515x0779,35512 Medina Mill Apt. 491,Miami,33333
1227,Tracy,Sanchez,jeremy52@example.org,331-679-9295x7552,1143 William Passage Apt. 861,Chicago,11111
1228,Morgan,Thompson,marc14@example.org,(349)511-9702x09036,4785 Perez Haven Apt. 895,Houston,22222
1229,Robert,Strong,wallrobert@example.net,357-488-5302,102 Sara Via Suite 773,Chicago,33333
1230,Lisa,Middleton,frenchzoe@example.net,001-911-551-4556x7761,456 Blackwell Island,Chicago,555555
1231,Alexander,Garrett,hmcdonald@example.org,467-898-8821,3702 Sanchez Green,New York,444444
1232,Christina,Conner,lcunningham@example.net,(680)748-6993x9844,116 Love Falls Suite 133,Chicago,11111
1233,Nathan,Rivera,mhall@example.org,001-601-819-3330x864,393 Miller Shores Suite 162,Houston,555555
1234,Rodney,Tucker,daniel85@example.com,+1-384-300-8680x78703,4981 Rebecca Shore Suite 929,Miami,444444
1235,Amber,Young,rickyblankenship@example.com,725-736-5491x49433,027 Anderson Wall Apt. 142,Houston,22222
1236,Jose,Gross,jacksonjessica@example.net,+1-563-520-3619x45994,9904 Bailey Drive,Los Angeles,33333
1237,Linda,Middleton,burnettnoah@example.com,+1-547-604-4512x321,07923 Kurt Flats Suite 399,Houston,555555
1238,Crystal,Cochran,isabel95@example.org,+1-353-978-6092x4144,7665 Christie Shore,Houston,444444
1239,Darlene,Jones,michelle60@example.org,001-301-666-3804x3751,911 Michael Lodge,Chicago,555555
1240,Russell,Davidson,yterry@example.org,458.499.8197x91661,4148 Romero Mission Apt. 696,Houston,33333
1241,Sonya,Williams,nicolehernandez@example.org,554-720-5803,1157 Anderson Inlet Suite 069,Miami,11111
1242,Tracey,Boyer,jon20@example.com,450-546-1938x4579,9311 Bell Mews Apt. 214,Chicago,11111
1243,Matthew,Johnson,rickeybaker@example.net,667.244.0505x7721,749 Alvarez Square,Chicago,11111
1244,Jerry,Williams,erikahernandez@example.net,401-224-2231x62144,5889 Eugene Valley Suite 935,Los Angeles,555555
1245,Melissa,Crawford,myersjeffery@example.net,001-384-299-5480x81543,4372 Williams Underpass Apt. 351,Miami,11111
1246,Peter,Brady,vazquezlaura@example.org,737.984.3891x422,0756 Adkins Loop Apt. 728,Chicago,33333
1247,Elizabeth,Calhoun,elizabethhowe@example.com,627.632.3071,93798 Ann Mews,New York,444444
1248,Mary,Wong,anthonywarner@example.org,797-346-4424,09678 Jeremy Village Apt. 675,Los Angeles,22222
1249,Beth,Reynolds,darrenburgess@example.net,(239)258-4516x0882,34970 Bonnie Knoll,Miami,555555
1250,William,Martinez,nbernard@example.net,413.600.5058,70789 Kristi Forest,New York,444444
1251,Brandy,Parker,johnnorton@example.com,+1-944-582-7563x8791,930 Angela Passage Suite 329,Los Angeles,22222
1252,Brandy,Davis,karl67@example.org,001-396-578-2422x2768,958 Charles Trafficway Apt. 943,Chicago,444444
1253,Brian,Green,patricia50@example.com,001-719-264-6557,57102 Baker Isle,Chicago,11111
1254,Matthew,Thornton,colemanjasmine@example.net,595-706-1594,1242 Lewis Spurs Apt. 881,Los Angeles,444444
1255,Ruth,Lamb,bethany38@example.org,(682)602-0711x3029,5637 Janet Spur,Miami,555555
1256,Justin,Stein,tracyanderson@example.org,765.311.4694x59229,805 Cook Square Suite 751,New York,22222
1257,Roger,Martin,keithellis@example.org,547-690-7415,80473 Phillips Highway,Houston,11111
1258,John,Gross,timothy66@example.org,(691)288-8615,521 Riley Wall Apt. 788,Los Angeles,11111
1259,Paula,Santos,michael42@example.com,001-669-436-1902x23917,994 Thompson Lane Suite 876,Los Angeles,22222
1260,Tara,Fox,grant33@example.com,001-520-251-1855x60173,453 Austin Forges,Houston,11111
1261,Patrick,Bailey,acampos@example.org,-3439,14434 Copeland Fords Apt. 886,Los Angeles,444444
1262,Melissa,Black,ccordova@example.org,975.218.3167,85947 Young Stream,Chicago,22222
1263,Benjamin,Mcintosh,santoskristina@example.org,7374159903,638 Ochoa Bypass,New York,22222
1264,Jill,Moore,jessica31@example.com,+1-671-438-0021x670,8105 Lauren Heights Suite 870,Los Angeles,444444
1265,Michael,Brooks,barbara33@example.org,223.803.0306,3837 Anthony Islands,Miami,555555
1266,Michael,Barajas,david18@example.com,606-254-1569x3016,519 Mason Mountain,New York,33333
1267,Michael,Watts,robert22@example.net,344-644-7887,32263 Arnold Isle,Chicago,22222
1268,Alexandra,Wright,andrew66@example.org,452-413-4710x7344,8254 Gary Forges,New York,22222
1269,Curtis,Gilbert,beverly03@example.com,(521)703-3378x741,9029 Shah Ford,Chicago,22222
1270,Christopher,Shea,lopezmonica@example.net,8412597017,965 Jonathan Views Apt. 482,New York,33333
1271,Samantha,Larson,hugheskaren@example.com,990.427.7876x530,38256 Anna Lodge,Miami,22222
1272,Ricky,Larsen,reginaldwu@example.com,632-700-1653,519 Stewart Parkways,Los Angeles,444444
1273,Patrick,Murphy,lowejaclyn@example.org,001-216-340-2044x116,3200 Deborah Ford Suite 629,Los Angeles,555555
1274,Scott,Leonard,jacobwalker@example.net,+1-643-271-9592x10146,01985 Jorge Cliffs,Chicago,11111
1275,Stephen,Brown,reedantonio@example.org,001-893-881-4109x6642,2926 Morales Vista Suite 742,New York,444444
1276,Lori,Swanson,sharon68@example.org,(228)798-4770x0815,606 Roy Shoal Suite 674,Los Angeles,11111
1277,Rebecca,Sanders,anthony04@example.com,(872)661-6201x8752,9469 Jeffery Mountains Suite 458,Houston,555555
1278,Holly,Diaz,bowersheather@example.org,+1-428-821-7296x953,8857 Hogan Knoll Suite 394,New York,33333
1279,Alexa,Smith,jill04@example.com,426-918-8769,51337 Gregory Crescent Apt. 333,New York,11111
1280,Kathleen,Hill,ybowers@example.com,339.315.9369,1574 Wells Plaza,Chicago,444444
1281,Richard,Luna,matthew71@example.net,001-336-600-1156x237,205 Crystal Lakes Apt. 655,Houston,33333
1282,Steven,Roberts,sydneypierce@example.net,001-238-551-8133x61000,015 April Place Suite 180,Los Angeles,444444
1283,Kyle,Holland,brenda46@example.com,788-314-7432,78544 Michael Rue Apt. 344,New York,11111
1284,James,Page,gabrielle67@example.com,-9488,761 Sarah Streets,Chicago,444444
1285,Craig,Kelly,annacampbell@example.org,951.761.9408,107 Cunningham Plain,Miami,33333
1286,Donna,Ayala,kristy86@example.net,627.914.0636,7745 Yang Port Suite 664,New York,22222
1287,Jeanette,Garcia,jamie63@example.net,(687)550-1354x611,225 Salas Flats Suite 702,New York,33333
1288,Nicholas,Greer,aaronwright@example.net,852-898-9161,7514 Jennifer Knoll Apt. 463,Chicago,444444
1289,Tanya,Anderson,kennedymichael@example.net,576-330-7551,262 Cline Mall,Los Angeles,22222
1290,Patrick,Nelson,bellangel@example.com,303.594.9394,305 Lewis Keys,Miami,444444
1291,Sonia,Robinson,dmclaughlin@example.org,445-673-3244x0866,81734 Davis Fort Suite 296,New York,555555
1292,Heidi,Martin,paul44@example.com,001-813-343-7228x85266,7458 Stevens Crescent Apt. 980,Miami,11111
1293,Robert,Johnson,bcook@example.org,+1-817-819-3729x742,5647 Jesse Village,Miami,33333
1294,John,Beck,james05@example.net,001-705-627-6669x99995,391 Andrea Valleys,New York,555555
1295,Donna,Gilbert,sandovalshelby@example.net,367-782-6258,5489 Duran Fall,Miami,22222
1296,Anita,Lopez,lisastanley@example.org,(607)467-7408x61428,26314 Jennifer Park Suite 344,Houston,22222
1297,Monique,Hull,leetammy@example.com,253-975-5548x67672,5018 Newman Gateway,Houston,444444
1298,Matthew,Hubbard,holderstephanie@example.org,971-246-7825,54807 Scott Path Suite 622,New York,22222
1299,Stuart,Davis,juanrichardson@example.net,+1-625-954-1881x52007,946 Delgado Walk Apt. 938,Miami,444444
1300,Brian,Martin,acampbell@example.net,843-875-5082x447,0080 Howard Spring,Los Angeles,33333
1301,John,Cervantes,franciscomclaughlin@example.org,001-599-597-1118x722,0200 Hunter Point,Miami,555555
1302,John,Bell,johnblankenship@example.org,(284)675-7900,27272 Nelson Streets,Los Angeles,22222
1303,Thomas,Lawrence,tholloway@example.org,206-919-6469x764,03054 Anderson Plains Suite 426,Los Angeles,555555
1304,Jason,Parker,summersdavid@example.com,+1-666-984-5081x720,260 Terrell Curve,Los Angeles,444444
1305,Angela,Hawkins,dicksondanielle@example.net,001-990-491-6853x0187,0905 Michael River Apt. 079,New York,33333
1306,Edward,Short,bking@example.com,338.798.0018,13858 Mclaughlin Walks,Miami,555555
1307,Katherine,Merritt,hrivera@example.net,366.566.4356,66235 Gonzalez Mews Apt. 531,New York,11111
1308,Tara,Mathews,dmccullough@example.com,3708543186,452 Alexis Brooks,Miami,444444
1309,Marie,Mullins,reyesdonna@example.com,263-932-3318x3234,9397 Wise Flat,Los Angeles,11111
1310,Christine,Gibson,lauralong@example.net,001-547-899-3146x4714,676 Jon Brooks Suite 362,Miami,33333
1311,Christopher,Jordan,rday@example.net,-6895,6992 Mariah Ramp Suite 873,Houston,11111
1312,Daniel,Thomas,riveradouglas@example.net,846.473.2289x007,0687 Jackson Alley Apt. 098,Houston,11111
1313,Daniel,Coleman,whitesara@example.com,322-859-8258,721 Samantha Bridge Apt. 104,New York,11111
1314,Donna,Willis,timothy82@example.com,(227)439-7039x7789,75282 Campbell Points Apt. 823,New York,555555
1315,Heather,Sweeney,caleblester@example.com,682-849-1648,83375 Mccoy Streets Apt. 548,Chicago,22222
1316,Maria,Price,owalker@example.net,499.873.4877x122,648 Karen Viaduct,New York,444444
1317,Sarah,Jennings,kristareed@example.net,001-880-647-1219,57667 Michael Wall Suite 590,Chicago,11111
1318,Michael,Turner,melissa25@example.net,(523)722-6565,17695 Nash Inlet Apt. 827,Miami,33333
1319,Elizabeth,Sanchez,martinerica@example.com,985-375-6390x910,502 Donna Gateway Suite 868,Miami,444444
1320,Timothy,Harrison,saraball@example.com,(860)401-4003x26270,0789 Laura Port Apt. 270,Los Angeles,444444
1321,Kelsey,Johnson,sergiowells@example.com,8672550300,788 Veronica Groves,Miami,11111
1322,Samantha,Miller,twilliams@example.com,001-243-673-3678x5521,8101 Johnson Pine,Miami,444444
1323,Isaac,Davis,matthewschristina@example.net,+1-812-960-7946x20001,9184 Carrillo Stravenue Suite 825,Chicago,11111
1324,Sherry,Chavez,trobinson@example.net,(775)633-0351x176,121 Danielle Wells Apt. 297,Miami,33333
1325,Michael,Barber,bairdjennifer@example.com,737-229-3212,93836 Lam Fork,Los Angeles,555555
1326,Tyler,Hughes,martinpamela@example.com,618-716-9090x1717,1475 Ponce Loaf,Houston,444444
1327,Michael,Hansen,smithdwayne@example.net,288-465-7816x2647,73384 Shannon Stream,New York,22222
1328,Jorge,Gomez,kimberly19@example.net,878-958-0901x915,1225 Bonnie Turnpike Suite 571,Miami,22222
1329,Elizabeth,Zuniga,davidharper@example.org,560.518.4219x854,55973 Weiss Drives Apt. 851,New York,11111
1330,William,Robinson,alexawilliams@example.net,7235579195,31358 Ricardo Divide Apt. 091,Houston,33333
1331,Savannah,Henry,jennifer31@example.org,986.609.9302x81624,108 Anthony Streets Suite 277,Los Angeles,11111
1332,Anna,Davis,meredithmeyer@example.net,+1-603-429-0137x7005,11902 King Points Apt. 009,Miami,22222
1333,Michael,Salazar,amandalopez@example.org,(559)699-1737x1663,77808 Burke Summit,Los Angeles,555555
1334,Jeffrey,Smith,autumnbrown@example.net,001-310-555-6638x53521,9477 Tracy Summit,Los Angeles,444444
1335,Daniel,Turner,hhall@example.com,+1-271-511-7867x112,434 Palmer Field,Los Angeles,33333
1336,Helen,West,kellieberg@example.com,783.900.1646,25340 Rogers Bridge,Los Angeles,11111
1337,David,Martin,samuelhunter@example.org,+1-804-207-6761x9354,1988 Callahan Ferry,New York,555555
1338,Bradley,Richardson,wsmith@example.org,+1-865-438-2516x32936,1762 Dillon Hills,Miami,444444
1339,Scott,Buchanan,kirstentorres@example.net,7877274714,96208 Santos Shore,New York,22222
1340,Madison,Johnson,gonzalezjennifer@example.org,3453011462,86953 Castro Crossroad Suite 867,Los Angeles,11111
1341,Sarah,Williams,joseph28@example.org,001-328-369-4348x8602,895 Dennis Gardens Apt. 933,Chicago,444444
1342,Sara,Thomas,zhines@example.com,001-477-492-1170x7384,049 Parks Viaduct Suite 527,Miami,33333
1343,Jared,Cohen,melinda80@example.com,+1-603-696-1038x89078,658 Jessica Throughway Apt. 114,Houston,11111
1344,Debbie,Adams,markpineda@example.com,349-331-4298x393,23390 Wilson Island Suite 781,Chicago,22222
1345,Matthew,Hale,stevenrogers@example.com,274.425.2250,7012 Tammy Summit Suite 510,Miami,33333
1346,Shelby,Hendricks,judithjohnson@example.com,+1-496-913-2718x664,10987 Brandon Plaza,Miami,33333
1347,Laura,Moses,duartemiranda@example.com,(889)551-3127x12916,32615 Alexis Bridge Apt. 751,Los Angeles,555555
1348,Suzanne,Fisher,starkhenry@example.com,(875)630-0545,5546 David Villages Suite 618,Houston,33333
1349,Kelly,Davis,katherine40@example.org,6935953711,53337 Roberts Lodge Suite 082,Houston,444444
1350,Lucas,Nash,williammedina@example.net,(232)611-3105,9751 Duncan Street Suite 573,Houston,11111
1351,Erin,Kennedy,davidsonanthony@example.org,646-468-8435x9584,7102 Miller Parkways Apt. 422,Miami,33333
1352,Tina,Evans,christophermartinez@example.org,976.811.7870x32405,835 Amber Meadow Apt. 808,Chicago,22222
1353,Kimberly,Gregory,victoria19@example.org,438-882-3609,68935 Melanie Camp,Chicago,11111
1354,Robert,Green,qlowe@example.org,001-786-531-5384,46239 Holland Prairie,Los Angeles,11111
1355,Wendy,Salas,paulpena@example.net,720.907.9396x6865,0563 Reyes Freeway Suite 167,Los Angeles,555555
1356,Autumn,Atkins,jbaldwin@example.com,(750)671-5806,403 Allison Walk,Miami,22222
1357,Alex,Lucas,colinnunez@example.net,-3479,199 Kevin Garden,New York,11111
1358,Randall,Johnston,luke53@example.org,(448)687-4333,81206 Wilson Oval Suite 091,Miami,22222
1359,Bonnie,Johnson,michaelcrawford@example.org,819.473.2218,837 Valerie Green,New York,22222
1360,Kimberly,Vazquez,williamsnicholas@example.org,(397)255-6093x07011,4101 Latasha Manor Suite 432,New York,555555
1361,Katherine,Herrera,mccormicktyler@example.net,886-489-7834,1581 Samantha Crest,Houston,11111
1362,Brittney,Warren,doyleandrew@example.com,3204189098,1574 Danielle Overpass,Chicago,22222
1363,Anna,Gonzalez,gonzalezsarah@example.com,-8631,0639 Jones Spur Suite 532,New York,444444
1364,Grant,Brown,coreysanchez@example.net,632-759-3513,17952 Troy Trail,Houston,11111
1365,Jeffery,Perez,sanchezmaria@example.net,(922)725-1777x24669,70060 Cox Track,Chicago,444444
1366,William,Lopez,brandon75@example.com,(912)815-6961,0538 Christine Shoals,Chicago,22222
1367,Margaret,Walker,kelsey82@example.com,(234)207-6685x8549,990 Burton Turnpike,Houston,444444
1368,Mary,Petty,thomas34@example.com,001-222-741-4239,66490 Jimenez Vista Suite 177,New York,22222
1369,Sherri,Wiley,william18@example.org,8602867602,74051 Jacqueline Point Suite 107,New York,11111
1370,Thomas,Diaz,lopezjoshua@example.net,(692)715-1107,6647 Brian Key,Los Angeles,11111
1371,Laurie,Olson,ortegabenjamin@example.com,670-546-6935x0227,6361 Steven Spring Suite 719,Los Angeles,444444
1372,Jill,Rogers,castillolaura@example.net,001-754-859-7394x93766,00963 Michael Grove Suite 204,Houston,555555
1373,Brianna,Mcpherson,ghogan@example.org,504-500-3904,1686 Patterson Fords Apt. 006,Los Angeles,33333
1374,Angela,Nguyen,burkesherry@example.org,(561)918-9784x3892,47260 Morrison Springs Suite 374,Houston,33333
1375,Cindy,Patterson,glenda25@example.net,001-577-903-6860x064,99479 Douglas Gardens,Miami,11111
1376,Gregory,Decker,drobinson@example.org,826-878-0791x953,1602 Anthony Branch,New York,555555
1377,Alexis,Hunt,lorraine41@example.com,(529)234-2874,375 Derrick Prairie Suite 065,New York,555555
1378,Rebecca,May,ruizjason@example.org,-6859,7265 Boyer Plaza Suite 358,Chicago,11111
1379,Shannon,Gonzalez,samanthameyer@example.org,(415)424-3161x674,45232 Tate Villages,Chicago,444444
1380,Joshua,Henry,salvarado@example.com,+1-281-207-9691x56580,0571 Maxwell Valleys,Houston,11111
1381,Jeffrey,Hall,ctaylor@example.net,+1-903-610-5212x9427,3215 Kenneth Throughway,Los Angeles,11111
1382,Mathew,Gross,iedwards@example.com,835.304.5088x6980,09018 Macias Canyon Apt. 532,Chicago,22222
1383,Rachael,Baker,ztaylor@example.org,359-224-9894,467 Velasquez View Suite 577,Chicago,33333
1384,Stephanie,Green,ross38@example.net,822.583.8066x179,076 Lisa Vista,Chicago,444444
1385,Sarah,Foster,ygordon@example.com,254-515-3158,55760 Dennis Circles Suite 498,Los Angeles,555555
1386,Erika,Wagner,michaelpruitt@example.com,001-883-437-9798x1691,83766 Megan Fords,Chicago,11111
1387,Eugene,Moore,hamiltonpeggy@example.net,852-623-8782,5265 Melissa Run Apt. 733,Miami,11111
1388,Amanda,Holland,woodsnicole@example.org,+1-617-978-7217x3321,177 Rodriguez Rapid,New York,11111
1389,Matthew,Alvarez,williamsbrent@example.com,9516554967,7587 Villarreal Hills Suite 179,Houston,555555
1390,Erica,Bond,higginsrachel@example.org,001-711-564-1338,0307 Garcia Walk,Miami,11111
1391,Rachael,Robertson,jenniferwilliams@example.org,881-938-7454,4359 Flowers Hills Suite 995,Los Angeles,22222
1392,Thomas,Tapia,gcannon@example.org,001-747-474-8319x19896,907 Daniel Tunnel Suite 615,New York,33333
1393,Chelsea,Lee,heather98@example.org,802-792-9886x233,43788 Mclaughlin Glen Suite 393,Miami,555555
1394,Russell,Rodriguez,wisechristopher@example.com,(945)713-9124x110,98979 Serrano Garden Apt. 659,Los Angeles,444444
1395,Michael,Oliver,angelagonzales@example.org,540-754-8979,675 Gardner Summit,Los Angeles,444444
1396,Raymond,Harris,jeffreyhall@example.net,001-807-378-6241,00771 Pamela Squares,Houston,444444
1397,Amber,Hogan,valenzuelamary@example.com,859.711.9691x23133,2343 William Lodge,Chicago,11111
1398,Jeffrey,Rivera,heidi80@example.org,-1120,4772 Newton Underpass Suite 364,Miami,33333
1399,Brandon,Vega,rhondaperez@example.org,-8037,75728 Lisa Lights,Chicago,22222
1400,Michael,Braun,reyesrobert@example.org,001-565-218-7529,4156 Castillo Knoll,Chicago,33333
1401,Michael,Powell,ryang@example.com,+1-495-505-3347x64134,87184 Fitzpatrick Overpass Apt. 162,Chicago,444444
1402,Emily,Lucas,zsanchez@example.org,937-426-1907,298 Sarah Shoals Apt. 939,Chicago,33333
1403,Sean,Walters,psmith@example.net,001-402-846-3788x252,789 Elizabeth Mission,Houston,555555
1404,Harry,Ortiz,awilliams@example.net,(616)917-2075,78289 Jennifer Isle,New York,22222
1405,Melissa,Ward,roger47@example.net,+1-614-286-8441x062,6196 Aguirre Crossing Suite 340,Houston,22222
1406,Michael,Jones,rowepatricia@example.org,8358555434,8842 Johnny Green,New York,22222
1407,Michael,Mccoy,nancy54@example.org,5636781060,3350 Brown Mill,Chicago,444444
1408,Eric,Alexander,suarezmaureen@example.org,637-923-4002,9180 Peter Causeway,Los Angeles,444444
1409,Christina,Thompson,benjaminmartinez@example.com,001-365-844-7545x8164,0541 Theresa Orchard,New York,22222
1410,Linda,Casey,richardsoncassandra@example.com,781.708.7881x106,32798 Jacob Vista Suite 508,Houston,555555
1411,Kristin,Sanders,yrasmussen@example.org,001-246-298-1182,5202 John Crest Suite 950,Chicago,33333
1412,Jean,Fitzpatrick,vlucero@example.net,990-299-6590x574,4366 Lewis Mews,Chicago,11111
1413,Sandra,Johnson,brenda37@example.org,447.232.8936x36802,40074 Dana Fall,Houston,11111
1414,Jeremiah,Sanders,bennettkeith@example.com,309.960.8581,987 Barbara Underpass,Miami,555555
1415,Andrew,Nolan,tristanscott@example.com,646-611-9266,912 Steven Overpass,Los Angeles,11111
1416,Kyle,Esparza,beckymcgrath@example.org,(266)341-0345x76250,1002 Neal Ramp Apt. 832,Houston,22222
1417,Angela,Johnson,dan39@example.com,001-834-632-6004x6225,13396 Jessica Manors,New York,11111
1418,Christopher,Mahoney,wendygonzalez@example.com,001-743-733-8564x32640,8364 Leonard Drive Apt. 746,Chicago,33333
1419,Haley,White,brittanyfriedman@example.com,324-298-2442,350 Heather Ferry,Miami,11111
1420,Jason,Middleton,pedro53@example.net,+1-683-387-6008x2368,296 Williams Shoal,New York,444444
1421,Natalie,Rodriguez,smithtimothy@example.net,227-772-4268x390,0204 Desiree Alley Apt. 695,New York,22222
1422,Andrea,Patterson,amy12@example.com,001-482-697-5353x39293,00211 Williams Walk Apt. 383,New York,33333
1423,Corey,Gonzalez,katherine20@example.com,001-990-456-4239x020,705 Brittany Haven,New York,11111
1424,Nicholas,Smith,littlejulia@example.net,589.904.2354x95380,24176 Brock Run Suite 288,Miami,33333
1425,Mary,Fox,scotthooper@example.org,273.539.4180x342,202 John Pike,Chicago,22222
1426,Michael,Lowe,kayla51@example.net,(434)992-5719x6055,8447 Antonio Grove Apt. 083,Chicago,555555
1427,Gary,Perkins,cherylmurphy@example.org,865.646.4588x2260,13911 Timothy Flats,Los Angeles,444444
1428,Richard,Johnson,kerryhanson@example.net,638.670.4970x676,44322 Benton Mountain Suite 241,New York,22222
1429,Kristen,Allison,lambsarah@example.org,+1-712-725-4006x510,430 Teresa Rapid Suite 338,Los Angeles,33333
1430,Jennifer,Roth,kwilson@example.net,779.862.0102x6269,027 Joyce Trail Suite 594,New York,555555
1431,Colin,Dixon,ashleysantos@example.net,+1-554-534-8248x656,314 Michael Well,Chicago,22222
1432,Lynn,Neal,hollandheather@example.net,479.875.5719x981,55042 Ross Track Apt. 815,Miami,33333
1433,Jessica,Shepherd,gallaghercraig@example.com,223.665.6556,6373 Amy Isle,Chicago,555555
1434,Daniel,Avery,hlivingston@example.com,890-423-0077x01513,920 Wilcox Inlet,Houston,444444
1435,Karen,Bennett,tsmith@example.com,9276885346,2403 Sally Village Suite 201,Los Angeles,555555
1436,Gina,Kaufman,edward31@example.net,7135303517,711 James Vista Apt. 768,Chicago,444444
1437,Jonathan,Townsend,melanie61@example.com,001-264-702-0683x73052,395 Knight Union Apt. 384,Chicago,555555
1438,Danielle,Shepard,ygeorge@example.org,+1-503-388-8569x8982,295 Kristin Place Suite 182,New York,33333
1439,Maria,Smith,bryanenglish@example.net,-6530,002 Burns Forge,Houston,555555
1440,Linda,Weber,vazquezbrian@example.net,(925)393-5729x537,780 Hernandez Ranch,Miami,33333
1441,Scott,Torres,jeffery92@example.com,001-869-438-9892x1336,8903 Conrad Springs,New York,22222
1442,Christopher,Johnson,garycantrell@example.org,308-724-6091x51904,84805 Davis Roads Apt. 194,New York,444444
1443,Melissa,Miller,robert26@example.org,8228314835,0496 Raymond Burg,Los Angeles,33333
1444,Michelle,Martin,maria52@example.net,001-992-604-0956,42013 Annette Parkways,Los Angeles,22222
1445,David,Brown,hollyramos@example.net,(377)847-4186,8002 Omar Forest,Miami,444444
1446,Kimberly,Smith,huntdaniel@example.net,+1-342-291-1096x3009,796 Gibbs Mountains Apt. 125,Los Angeles,555555
1447,Steven,Pena,kristin70@example.com,(558)710-7551x489,757 Brian Mountains Suite 270,New York,555555
1448,Thomas,Adkins,vweaver@example.net,958-620-1650x27357,1477 Simmons Rapids Apt. 290,Houston,11111
1449,Emily,Chapman,stephanierobertson@example.net,(381)335-2009x10221,63823 Espinoza Heights,Miami,22222
1450,John,Davis,laura37@example.org,(671)343-9056,72521 May Ford Apt. 403,Los Angeles,444444
1451,Aaron,Hernandez,fishersamuel@example.net,772.717.9810x722,28758 Pamela Corner,Houston,33333
1452,Thomas,Ramos,pittmansamantha@example.net,001-240-952-4884x56229,0517 Heather Roads Apt. 034,Los Angeles,11111
1453,Debbie,Smith,wsmith@example.com,(882)913-5177x1285,58999 Nicholas Mission,Los Angeles,22222
1454,Luke,Evans,ryantaylor@example.net,420-868-2783x4751,9178 Bowen Lakes,Chicago,11111
1455,Joseph,Ritter,travishickman@example.com,338.458.7610,319 Rodriguez Valley,Chicago,444444
1456,Justin,Ramirez,sullivanjaime@example.org,001-548-917-0474x8862,33980 Edward Tunnel Suite 930,Los Angeles,444444
1457,Kim,Nunez,holderamy@example.com,+1-649-803-6175x24493,206 Gordon Glens Suite 534,Los Angeles,22222
1458,Travis,Moore,littlemike@example.com,(499)421-7916x9513,761 Michael Pine,Chicago,33333
1459,Kevin,Morris,wrightpatricia@example.org,864-330-3883,9606 Mullen Center Suite 209,New York,11111
1460,Tom,Jones,jennifer84@example.com,(303)436-9481x3018,324 Hannah Rest Apt. 855,Houston,33333
1461,Andrew,Jones,lori26@example.org,9853075929,8815 Hill Pass Apt. 074,Miami,22222
1462,Amy,Hunter,changevelyn@example.org,001-918-222-5885x4005,136 Carroll Via,Chicago,22222
1463,Erin,Pugh,dwood@example.org,214-661-7967,898 French Common,Miami,555555
1464,Misty,Lewis,donald15@example.net,+1-623-528-0720x64264,06219 Griffin Cliff Suite 607,Houston,555555
1465,Kenneth,Thomas,montesjeremy@example.net,835-996-0477x7380,09319 Jason Harbor Suite 238,Houston,11111
1466,Steven,Beck,nguyenchristina@example.com,+1-991-679-4067x6955,512 Davis Groves,Houston,22222
1467,Andrea,Tran,taylorcourtney@example.com,512-495-3214x933,8312 Carl Mews,Houston,11111
1468,Kara,Brewer,cynthiaphillips@example.com,(210)759-1391x26359,586 Ramirez Common Suite 361,Houston,11111
1469,Shirley,Ramirez,marybenson@example.com,(956)850-7131,55784 Brown Gateway Suite 156,Houston,555555
1470,Jennifer,Cole,drodriguez@example.com,809-967-9702,348 Waller Pike,New York,444444
1471,Jennifer,Singleton,nicole41@example.net,893.546.5499x537,93345 Wells Court Suite 500,Houston,22222
1472,Jimmy,Ayala,brooke50@example.com,-3217,198 Kyle Station,New York,22222
1473,Michael,Norton,mccartyalexandra@example.com,+1-519-755-3274x5347,339 Bowers Port,New York,555555
1474,Lisa,Stewart,kenneth28@example.com,455-809-0559,598 Williams Meadows Suite 026,Houston,33333
1475,Alexander,Schmidt,lwashington@example.org,(722)203-1663,057 Christopher Dam,Houston,22222
1476,Rebecca,Reed,destinybell@example.net,611.978.9582x8134,7306 Scott Mountains Apt. 098,Miami,33333
1477,Michael,Quinn,josephfitzgerald@example.com,001-361-816-0909x64605,222 Rose Trail,Miami,33333
1478,Dawn,Chan,mjones@example.com,+1-459-342-3963x00478,09443 Scott Stravenue,Houston,444444
1479,Lauren,Medina,karenhines@example.net,001-359-474-2771x00405,7005 Tiffany Mission Apt. 624,Miami,11111
1480,Edward,Marquez,laurawilson@example.net,6536803143,633 Russo Corners Apt. 889,Chicago,444444
1481,Stephanie,Barker,sandra59@example.org,786-360-3746x499,184 Deborah Extensions,Chicago,11111
1482,John,Hopkins,lopezdonna@example.org,6884294235,477 Flynn Summit,New York,22222
1483,Christopher,Miles,mooredaniel@example.org,(749)770-1001x40197,8391 Perez Hill,New York,444444
1484,Allison,Peters,freemanjeremy@example.com,001-534-384-4553x906,612 Christopher Ports Suite 448,New York,555555
1485,Katie,Lam,kimberly24@example.org,001-746-508-5513x9397,61757 Zachary Parkway,Houston,555555
1486,Dana,Phelps,xjackson@example.com,763-942-8272,830 Teresa Pass Apt. 453,New York,33333
1487,Taylor,Jones,jessicamyers@example.com,+1-936-391-4432x53964,8398 Reid Valleys Suite 899,New York,444444
1488,John,Harris,chadbender@example.net,585-329-9120x86052,3575 Angela Ramp,Houston,11111
1489,Peter,Taylor,melissa63@example.net,(419)440-1427x6754,047 Henry Pike Suite 220,New York,444444
1490,Candice,Maxwell,porterjennifer@example.com,001-853-302-8786x068,2749 Matthew Club Suite 087,Chicago,555555
1491,Nicole,Williams,jerry16@example.com,-7911,576 Audrey Village,Miami,33333
1492,Patricia,King,moorejill@example.org,001-515-742-4701x3476,792 Roberts Mall,Los Angeles,22222
1493,Chad,Maxwell,burkechristy@example.org,329.841.1079x8336,5999 Randy Light,Los Angeles,444444
1494,Michelle,Thompson,nortonjames@example.com,-10638,91847 Kevin Gateway,Chicago,33333
1495,Thomas,Howell,margaretphelps@example.org,633.448.6597x264,49087 Trevino Courts Apt. 001,Miami,33333
1496,Michael,Jacobson,bwilkins@example.net,+1-739-908-7298x906,619 Clark Points Suite 267,Chicago,11111
1497,Richard,Guerra,nicolepierce@example.net,-1407,47549 Jackson Plain,New York,11111
1498,Kerry,Williams,zsilva@example.org,734.844.4603,5257 Hernandez Drives,Houston,444444
1499,Eric,Johnson,martinezapril@example.net,+1-454-460-3917x83386,90111 Santiago Hollow,Chicago,22222
1500,Adam,Burch,mlawrence@example.net,4098466995,94980 Harrison Stream,New York,22222
1501,Lance,Ross,nvelasquez@example.net,606.942.7941x47113,39614 Hunt Island,Chicago,555555
1502,Melissa,Vaughn,hernandezvalerie@example.net,2824370268,020 Marshall Ferry,Chicago,33333
1503,Sarah,Hill,alyssanelson@example.org,669-632-5894x874,9395 Robbins Walks Apt. 356,Houston,11111
1504,Heidi,Moreno,bmendez@example.net,001-543-487-8530x784,441 Amanda Via Apt. 879,Los Angeles,555555
1505,Deborah,Rose,ginahopkins@example.org,704-835-0346x28252,557 Clark Wells,Houston,444444
1506,Tony,Lyons,stanleyanderson@example.org,(338)860-3189x430,7183 Heather Gateway,Miami,555555
1507,David,Jarvis,harrishailey@example.com,(562)711-6622,46705 Mcgrath Glen,Houston,555555
1508,Peter,Rodriguez,shawnholland@example.org,827.955.0002x015,51046 Michael Hill,New York,444444
1509,David,Hernandez,dfrederick@example.com,+1-731-694-9359x532,3165 Sabrina Trail,New York,22222
1510,Lisa,Moore,burnettandrew@example.com,-9516,094 Stone Groves Suite 256,New York,444444
1511,Lawrence,Gordon,ddaniel@example.net,893.394.8550x25295,2226 Jackson Lake Suite 027,Houston,22222
1512,Jeffery,Wright,cranejulian@example.org,616.915.1510x74626,14919 Mark Gateway Apt. 855,Los Angeles,22222
1513,Kelsey,Schwartz,esnyder@example.net,979-558-5630x2175,915 Richard Walks,Los Angeles,22222
1514,Bradley,Smith,jose77@example.com,421-406-9550x942,921 Conway Bridge Suite 452,Miami,444444
1515,Michael,Acosta,lisa44@example.com,346.384.6023,50521 Sarah Park,Chicago,33333
1516,Melanie,Johnson,obrady@example.net,001-506-770-2165x486,1794 Graham Plaza Apt. 624,Chicago,11111
1517,Craig,Brady,phillipsmary@example.org,630.344.3625x17308,23262 Marshall Parkways Apt. 028,Los Angeles,33333
1518,Katie,Wagner,bakertammy@example.com,(842)523-4798,8991 Heather Club Suite 918,Houston,22222
1519,Cindy,Miranda,rowegregory@example.com,(588)541-6854,548 Parrish Union,New York,444444
1520,Jeffrey,Thomas,angelacummings@example.org,981.534.7814x7700,32639 Ricardo Courts Apt. 871,Houston,11111
1521,Brian,Meadows,pagechristine@example.org,5646713764,785 Todd Village Apt. 446,Chicago,33333
1522,Jason,Smith,crystalwest@example.net,001-572-698-4405x697,510 Peter Underpass Apt. 397,Los Angeles,33333
1523,Susan,Davis,daniel48@example.org,001-434-648-0639x83207,7216 Butler Key,Chicago,555555
1524,Ashley,Le,acostadavid@example.com,001-925-487-8947x7724,247 Olivia Stream Apt. 174,Houston,22222
1525,Joe,Cook,oneal@example.net,3405647035,02871 Morales Neck Suite 894,New York,22222
1526,Stephanie,Padilla,hollandbradley@example.net,(793)597-1467x4134,368 Jessica Corner,Houston,22222
1527,Jordan,Olson,katherine29@example.org,704.698.3847x64337,9412 Moore Springs Apt. 862,Chicago,11111
1528,Dale,Wallace,danielle86@example.org,881.872.0069x514,440 Moore Terrace,Los Angeles,11111
1529,Joel,White,vspencer@example.com,(410)983-2705x0891,0996 White Flat,Los Angeles,555555
1530,Russell,Lynch,emejia@example.com,(493)969-9542x400,674 Christopher Summit,Chicago,33333
1531,April,Velasquez,meganmitchell@example.com,001-329-453-0287,1229 Lewis Street,Chicago,33333
1532,Brian,Cole,zosborne@example.com,+1-435-704-2808x393,97803 Hernandez Port,New York,11111
1533,Bruce,Cooke,john89@example.org,462-623-1980x9912,0962 Carter Pine,Miami,22222
1534,Mary,Gibson,christopher10@example.com,(825)336-8245x114,04774 Patricia Key,Houston,22222
1535,Samantha,Deleon,williamsadriana@example.com,981.574.9795x68542,161 Soto Ville Suite 215,New York,444444
1536,Kim,Richardson,philipbrown@example.net,200.547.5884,15867 Amanda Island,Houston,555555
1537,Laura,Watkins,karengilbert@example.net,758-560-4176x0099,12129 Edward Springs,Miami,555555
1538,Alvin,Todd,rmann@example.org,(991)693-7884,448 Adam Hill,Miami,33333
1539,Meghan,Kelley,richard23@example.net,(726)267-5841x8043,9642 Roberts Avenue Suite 555,New York,22222
1540,Maria,Craig,katie23@example.org,(566)696-2412,304 Miller Park Suite 257,Miami,444444
1541,Debra,Mccoy,sarah78@example.net,926.846.8986,26000 Ashley Well,Houston,11111
1542,Billy,Robinson,zvargas@example.net,(315)892-4630x05389,0237 Connor Mews Apt. 822,Chicago,11111
1543,Allen,Hernandez,curtistucker@example.org,520.264.5229x889,98040 Herrera Glen,Los Angeles,555555
1544,Carrie,Hunt,brian14@example.net,451.844.1126x615,92127 Booker Forks,Miami,555555
1545,Jonathan,Williams,clarkecourtney@example.org,(906)417-7472,088 Jerry Inlet,Miami,33333
1546,Donald,Gomez,russellgibson@example.org,528-373-0470,756 Klein Harbor Apt. 356,Houston,555555
1547,Denise,Munoz,jonathanquinn@example.net,802.598.8539x42245,103 Patrick Path,Chicago,33333
1548,Jacob,Alexander,darryl72@example.com,+1-305-971-9154x174,898 Reed Junction,New York,33333
1549,Daniel,Hall,johnrios@example.com,639.904.7821,2652 Torres Islands,Chicago,444444
1550,Felicia,Avery,robert37@example.com,(556)650-4832x46777,853 Brandi Cliffs Suite 635,Miami,11111
1551,John,Sampson,audrey09@example.com,3052538738,31353 Traci Turnpike Apt. 121,New York,22222
1552,Benjamin,Robinson,plong@example.net,325.978.6800x4607,286 Morris Burg,New York,22222
1553,Ashley,Carter,mckeecameron@example.org,+1-955-530-4858x0762,886 Michael Ways Suite 993,Houston,11111
1554,Brandon,Boyd,sean71@example.com,538-845-4611,977 Gomez Island Suite 067,Miami,33333
1555,William,Diaz,morgan97@example.net,(986)931-9461x179,855 Loretta Locks Apt. 285,Chicago,444444
1556,David,Moreno,nicoleyork@example.com,(396)963-2873,622 Devin Vista Suite 541,Miami,11111
1557,Ruth,Hernandez,kathrynperez@example.com,(943)290-6844,6177 Haynes Flat,Chicago,444444
1558,Allison,Jones,tjohnson@example.org,375.752.6524,867 Dawn Ville Apt. 403,New York,22222
1559,Timothy,Davies,joshua64@example.org,9805512522,5826 Brady Walks,Chicago,22222
1560,Amy,Wilkinson,michelephillips@example.org,(382)205-2423x25273,380 Anthony Wall Apt. 477,Chicago,444444
1561,Patrick,Smith,fcaldwell@example.net,+1-208-874-9068x89687,335 Nguyen Wall,New York,555555
1562,Jillian,Williams,joesuarez@example.org,481-255-3452x434,8837 Mark Motorway,Los Angeles,22222
1563,Mary,Callahan,brandongarcia@example.com,5338749141,930 Taylor Lodge,Los Angeles,444444
1564,Bryan,Hernandez,jacquelinerogers@example.org,944.593.4535,2952 Kennedy Cove Suite 529,New York,11111
1565,Maurice,Ortega,katiemiller@example.net,+1-980-419-8184x992,4992 Mcdonald Lights,Chicago,11111
1566,Janet,Mooney,dthompson@example.org,2949040988,093 Maldonado Bridge Suite 179,Chicago,22222
1567,Tara,Hunt,ericlewis@example.net,925-735-2446,27859 Nicole Inlet Apt. 980,Houston,444444
1568,Darrell,Guerrero,jameschoi@example.net,848-840-8344x2432,39644 Walker Prairie,Miami,11111
1569,Rhonda,Long,xpena@example.net,-8266,615 Watson Canyon Apt. 073,Houston,22222
1570,Jeffrey,Kelly,hmiranda@example.com,673.393.4713,1863 David Mountain Apt. 189,Houston,444444
1571,Maria,Smith,hamiltondennis@example.com,(698)423-2743,069 Willis Walks,Houston,555555
1572,Nicholas,Mcdowell,ronaldwilliams@example.net,-5894,290 Martinez Rue Apt. 217,Houston,33333
1573,Andrew,Jones,samantha41@example.net,001-389-960-5806x73395,6881 Richard Trafficway Apt. 744,Los Angeles,33333
1574,Edward,Green,howardcarol@example.com,001-968-802-9817x68795,9083 Cox Fields Apt. 088,Chicago,11111
1575,Donald,Padilla,oburgess@example.net,689-498-6779,942 Escobar Inlet,New York,33333
1576,Jeffrey,Boyd,lisajones@example.net,(295)476-3265x438,6235 Maria Port Suite 763,Houston,11111
1577,Dana,Beltran,christinajohnson@example.net,920.541.0419x76710,6413 Klein Unions,Chicago,444444
1578,Tami,King,christopheresparza@example.com,001-578-222-4711x57568,09622 Kathryn Glen,New York,33333
1579,Zachary,Adams,david97@example.org,321-286-3479x403,600 Thornton Mall Apt. 345,Miami,33333
1580,David,Mullins,elizabeth74@example.com,5714514489,9907 Estes Estate Suite 917,Miami,555555
1581,Sonya,Rowe,katelyn02@example.net,(295)843-7874x576,71690 Valerie Locks Suite 341,Los Angeles,444444
1582,Michael,Wagner,lloydjason@example.com,689-260-0158,05601 Francis Union,Houston,33333
1583,Frank,Stanley,marymartinez@example.com,001-230-242-8089x82080,166 Elizabeth Common,New York,11111
1584,David,Stout,jeffersonjennifer@example.net,634-282-0781x631,03678 Jennifer Drives Suite 346,Chicago,444444
1585,Robert,Rodriguez,sarahmcfarland@example.net,673-260-9961,043 Joseph Plains,New York,11111
1586,Albert,Andrade,walterlopez@example.com,878.922.9704x6255,26024 Miller Walks Apt. 373,Miami,444444
1587,Gina,Rivera,ericadavis@example.com,266-295-1374,08724 Michael Knolls Suite 941,Miami,22222
1588,Greg,Crane,psimmons@example.com,527.932.7991,12978 Wendy Dam Suite 748,Houston,33333
1589,Jaime,Ramos,ybrown@example.org,+1-792-914-2962x261,49853 Rowland Branch Suite 581,Chicago,22222
1590,Jeremy,Brown,hectorwalker@example.net,(763)734-0021,475 Cameron Keys Apt. 997,Chicago,444444
1591,Erik,Henry,jason17@example.com,425-956-0492x4225,52002 Taylor Drives Apt. 918,Miami,22222
1592,Christian,Moss,gdominguez@example.com,(708)766-7513x936,8676 Foster Hills,Houston,33333
1593,Keith,Ellis,vclark@example.net,930-744-6980,934 Parks Glen,Chicago,555555
1594,Teresa,Dean,melissabennett@example.net,(616)569-0169x344,988 Suzanne Ford Suite 771,Chicago,33333
1595,Gary,Burch,victor07@example.org,(619)995-0427,1317 Brittany Walk,Chicago,33333
1596,Megan,Jones,vrice@example.org,628-292-1687x0407,4879 Charles Field,Los Angeles,11111
1597,Karen,Johnson,joseph61@example.net,-2697,8156 Tucker Well Suite 962,Houston,555555
1598,Paul,Smith,cbell@example.net,458-770-4986,3281 Hernandez Parks,New York,555555
1599,Edward,Harrington,ralexander@example.net,001-912-249-7204x310,3870 Jesse Plaza Suite 389,Los Angeles,33333
1600,Kathleen,Stevens,lnguyen@example.org,-7697,902 Hill Overpass Apt. 499,Chicago,444444
1601,Isaiah,Moyer,rosemichael@example.net,(300)476-7032,90943 Mark Village,Los Angeles,555555
1602,Cody,Perez,edwardsjennifer@example.com,(533)957-7055,9529 Ricky Mountains,Los Angeles,444444
1603,Christopher,Hernandez,vmorrison@example.org,698-790-7766x351,970 Newman Union Suite 975,Los Angeles,11111
1604,Jacqueline,Chang,hthompson@example.net,662.215.0984x8459,8898 Alexander Forest Suite 177,New York,444444
1605,Mark,Hardy,christopherbishop@example.org,(623)798-6057x9539,391 Christopher Ways Apt. 545,Miami,555555
1606,Debra,Edwards,julie98@example.com,6163244421,590 Hunter Via,Miami,33333
1607,Michelle,Walker,zsalazar@example.com,568-749-3840x1592,037 Amber Orchard,Houston,444444
1608,Susan,Paul,michael88@example.net,(349)527-9733,158 Christina Circles,Houston,555555
1609,Alicia,Smith,meghan59@example.org,313-992-3898,444 Melanie Gardens,New York,11111
1610,Jacob,Jenkins,apace@example.com,(240)791-6342,56257 Pamela Lodge,Houston,22222
1611,Walter,Salazar,steelemarie@example.org,761-346-4282x766,70856 Oneal Ways Apt. 837,Houston,444444
1612,Kim,Williams,sandragrimes@example.com,(221)657-3039x4189,44386 Lutz Canyon,Chicago,555555
1613,John,Conner,angela15@example.net,-2146,55647 Joseph Gateway,Miami,555555
1614,Savannah,Hamilton,murillojohn@example.org,+1-674-523-4369x86046,23568 Ward Cliffs,Miami,33333
1615,Misty,Morales,schultzelizabeth@example.org,(785)569-4958,51164 Maria Forest Suite 027,Chicago,22222
1616,Robert,Shepard,cnewton@example.com,246.921.7469,6204 Joel Brook Apt. 655,New York,555555
1617,Thomas,Gibbs,padillajane@example.com,+1-625-645-5752x4479,800 Deborah Extension Apt. 788,Houston,444444
1618,Tyler,Evans,lindsayhays@example.org,+1-384-507-9644x22893,9530 Laura Green Suite 659,Los Angeles,555555
1619,Alexander,Wilson,sallystafford@example.com,(641)966-2261x461,70733 Miller Lights Apt. 984,Houston,33333
1620,Amanda,Mitchell,johnsonfrederick@example.org,7117939856,769 Robert Passage,Miami,444444
1621,Trevor,Young,katelyn93@example.org,(998)389-8888x31385,812 Leslie Fork,Chicago,22222
1622,Ashley,Kelly,ngarcia@example.org,+1-782-753-7170x7834,7799 Flynn Centers,Chicago,444444
1623,Andrew,Martinez,anitashah@example.com,001-566-383-1938,87077 Mueller Summit Suite 737,Chicago,22222
1624,Ashley,Ramos,sheryl55@example.org,262-326-5951x6307,35037 Travis Pass,Houston,22222
1625,James,Joseph,kellycole@example.org,4629678283,60429 Gomez Wall,New York,444444
1626,David,Mason,clarkchristopher@example.org,001-519-758-1958x169,0665 Gibbs Trail,Houston,11111
1627,Kyle,Crawford,ashleyalexander@example.org,563-333-0774x73190,3940 Samantha Canyon Suite 517,New York,555555
1628,Kelsey,Buck,mendozakristen@example.com,335.713.3919,45370 Kimberly Knoll Suite 903,Chicago,11111
1629,Michael,Potts,millsshawn@example.org,001-493-911-1418x28397,85888 Morgan Divide,Miami,444444
1630,Jennifer,Patterson,markmartin@example.com,001-256-325-8808x59351,399 Robert Trafficway,Chicago,33333
1631,Daniel,Summers,joann66@example.org,(562)270-9904,6414 Jessica Lakes,Miami,555555
1632,Allison,Dunn,katherineparker@example.net,451.581.4983x908,65891 Sullivan Flats,Los Angeles,444444
1633,David,Bennett,ethan50@example.com,869-680-5795,9434 Jeremy Motorway Suite 865,Houston,11111
1634,Jennifer,Ward,kevin85@example.org,(469)426-0458x950,625 Salas Light,Los Angeles,22222
1635,Joseph,Hunt,echandler@example.com,001-467-455-6535,21270 Diana Prairie,Los Angeles,22222
1636,Robert,Smith,justin94@example.com,001-274-601-6398x844,56196 Christopher Rapid,Chicago,11111
1637,David,Brown,natalieferguson@example.net,+1-422-797-6102x01461,812 Combs Trafficway Suite 132,Miami,33333
1638,Tiffany,Roach,kpierce@example.net,866.942.2309,654 Morales Causeway,Houston,444444
1639,Michelle,Johnson,burnsbeverly@example.net,+1-768-929-7768x227,588 Anderson Keys,Miami,444444
1640,Charles,Washington,dmason@example.com,(775)959-1580,58451 Brown Ford,Los Angeles,11111
1641,Connie,Mcintyre,grichardson@example.org,001-793-894-9961x953,27051 David Summit Apt. 349,Los Angeles,33333
1642,Nicole,Davis,donnamccarty@example.org,+1-500-917-0272x597,972 Nathaniel Brook Apt. 974,New York,444444
1643,Jason,Gomez,valerie53@example.com,577-208-7163x54128,375 Ashley Bypass Apt. 634,Miami,555555
1644,Luke,Harrison,dtorres@example.org,+1-806-671-1080x2815,36946 Blake Route,Miami,22222
1645,Laurie,Johnson,valerie08@example.net,(722)944-3706x79687,16595 Perez Village Apt. 384,New York,33333
1646,Monica,Campbell,barbara73@example.org,236-828-2532,2387 Sydney Centers,Miami,444444
1647,Christopher,Williams,hernandezjeffrey@example.net,558-950-3752x0811,525 Todd Land Apt. 214,New York,555555
1648,Jason,Williamson,louis96@example.net,669.313.1122,00591 Wilkins Land,Miami,555555
1649,Devin,Chang,emily31@example.net,001-985-940-6971x2977,94790 Tina Walks,Houston,555555
1650,Joseph,Jones,williamsstephanie@example.net,(581)331-4734,7493 Banks Road Apt. 075,Miami,555555
1651,Kathleen,Howard,willie22@example.com,819.814.7774,2791 Samantha Lights Suite 665,Chicago,555555
1652,Jill,Andrews,micheleflores@example.org,949-373-0563,37746 Martin Circle,New York,11111
1653,Erin,Ward,tracyferguson@example.com,(430)527-3627x5004,597 Cook Locks Apt. 043,Los Angeles,11111
1654,Steven,Morgan,mirwin@example.net,(989)242-5877,938 Hannah Plain,Houston,22222
1655,Ann,Miller,shawraymond@example.org,001-647-968-9552x0483,19427 Teresa Crossroad,Houston,11111
1656,Phillip,Burgess,sandramcdonald@example.net,716.462.3790x10195,4305 Carol Fall Suite 352,Chicago,555555
1657,Elizabeth,Fowler,justinbrandt@example.org,(515)770-4653x37597,50044 Kyle Plains,Chicago,22222
1658,Keith,Hendrix,robertdalton@example.com,738-236-7165x8914,896 Jason Village Suite 489,Miami,11111
1659,Brandy,Thomas,mking@example.org,435.907.8138x4579,351 Mark Hollow,Miami,555555
1660,Julie,Reese,pfranco@example.net,789.963.5091x040,343 Wall Manor Suite 177,Los Angeles,555555
1661,Anthony,Henderson,brent16@example.net,377-543-2914,862 Erica Curve,New York,33333
1662,Melinda,Martin,qclark@example.org,001-836-719-8723,403 Trujillo Valleys Suite 007,Chicago,33333
1663,Brian,Scott,gjordan@example.net,(548)814-5972x06484,5684 Earl Road Apt. 424,New York,11111
1664,Frank,Hubbard,kingaaron@example.com,001-420-699-9334x533,8887 Matthew Meadow Apt. 277,New York,444444
1665,Ashley,Sharp,thomas74@example.com,394-710-4000,3755 Mark Stream,Miami,33333
1666,Robin,Marks,ssavage@example.net,962.237.4473x959,3615 Martin Loaf Suite 574,Chicago,11111
1667,Matthew,Baker,taylor47@example.net,+1-615-581-5378x740,725 Fowler Field,Houston,33333
1668,Carol,Cochran,david41@example.net,2355170275,51412 Ward Wall,Chicago,11111
1669,Hayley,Turner,berrytimothy@example.org,001-494-438-6847,0318 Dennis Dam Apt. 719,Los Angeles,33333
1670,Kaitlyn,Hernandez,davidrobbins@example.org,001-810-644-5651x5271,0869 Colleen Fall,Houston,11111
1671,Melissa,Compton,lawrenceramirez@example.com,5143070849,0620 Booth Junction Suite 427,Miami,555555
1672,Daniel,Love,wbrown@example.net,+1-736-838-3599x527,80771 Michael Summit Apt. 248,Miami,11111
1673,Javier,Park,smithjose@example.com,871-548-0569,04017 Adams Glens Apt. 500,Los Angeles,22222
1674,Bethany,Walsh,brianbutler@example.com,542-763-4359,78316 Williams Corners Suite 080,Houston,22222
1675,Sara,Bell,sandraroberts@example.net,001-487-309-7031x08100,290 Mccullough Groves,Houston,33333
1676,Gary,Yu,christopher67@example.net,860-243-3727x368,5622 Michael Ranch,Chicago,11111
1677,Joshua,Jackson,mcdowellalicia@example.org,+1-870-215-1321x284,68408 Christopher Plains Suite 297,Chicago,555555
1678,Lauren,Velazquez,vstark@example.com,5746211697,05257 Lisa Meadow Apt. 883,Miami,22222
1679,Gabrielle,Miller,taylorgalloway@example.com,001-614-522-5212x60932,97859 Johnson Shores Suite 953,Chicago,444444
1680,Sandy,Adams,isaiahmitchell@example.com,864.948.4730x66100,7413 Clark Forest,Miami,11111
1681,Jessica,Moss,vromero@example.net,398.744.3873,7385 Gonzalez Wells,Houston,11111
1682,David,Newman,edavidson@example.com,001-288-521-9068x5289,0127 Tucker Lodge Suite 736,Los Angeles,11111
1683,Amy,Taylor,kiarawilliams@example.org,646-538-5862,197 Snyder Island,Houston,555555
1684,Kathy,Edwards,rayjane@example.org,(672)566-3160x593,1283 Zamora Loaf Suite 006,New York,22222
1685,Kelsey,Taylor,emilyrice@example.org,001-466-929-8647,022 Joshua Prairie,New York,22222
1686,Matthew,Le,ronniemoyer@example.org,-4033,4857 Martin Rue Apt. 329,Houston,33333
1687,Jerry,Moss,johnsonjesse@example.org,322.788.3992,13547 Marsh Trace,Chicago,555555
1688,Nicole,Barber,evansandrea@example.com,+1-409-985-4236x3104,39548 Weaver Tunnel Suite 446,New York,11111
1689,Jennifer,Harper,hardinnatalie@example.org,(533)853-7503,110 Green Mountain,Miami,555555
1690,Tiffany,Bush,oreynolds@example.com,7867794359,2637 Alexis Islands Suite 701,Chicago,555555
1691,Anna,Perry,martinalexandra@example.org,818-953-5397,41323 Adrian Path Apt. 845,Los Angeles,22222
1692,Nancy,Taylor,griffithjustin@example.com,+1-647-635-9523x1455,454 Johnston Key Apt. 047,New York,444444
1693,Jessica,Thompson,edward26@example.org,204.974.6250,48812 Clark Crossing,New York,555555
1694,Kaylee,Morales,jennifer58@example.org,7618854015,9015 Daniel Pass Suite 346,New York,11111
1695,Jessica,Miller,kkane@example.net,+1-456-649-1739x2225,169 Kelly Corner,Houston,11111
1696,Ruth,Wilson,christopherwilliams@example.com,613.772.5076,80286 Adriana Harbor Apt. 448,Miami,11111
1697,Lawrence,Torres,chadgonzalez@example.org,2485457059,5842 Micheal Bypass,Houston,444444
1698,Leslie,Morris,linda39@example.org,+1-939-238-4022x448,51568 Weiss Junctions Suite 775,Miami,33333
1699,Terri,Maldonado,robinsonolivia@example.com,+1-592-351-8421x771,34715 Ruiz Ports,Los Angeles,11111
1700,Sarah,Peterson,vpeterson@example.net,7869724684,4967 Ashley Park Apt. 350,Miami,33333
1701,Gina,Howe,sherry75@example.org,(281)349-4640x60980,287 Maldonado Station Apt. 966,Chicago,33333
1702,John,Morris,janetgonzalez@example.org,(388)653-3391,6671 Ronald Fork,Chicago,33333
1703,Andrew,Moran,wendymurphy@example.com,+1-477-956-1187x906,7997 Deborah Radial,Chicago,33333
1704,Bernard,Frazier,cory16@example.com,(586)319-1743,2941 Austin Squares Apt. 542,Miami,11111
1705,Cody,Ferguson,jortiz@example.net,332-210-3184x91042,53126 Stephanie Lock Apt. 235,Miami,555555
1706,Devon,Williams,glenbrown@example.org,494.981.5813x99940,882 Moore Road,New York,555555
1707,Timothy,Chen,peterstyler@example.com,-11182,7517 Adams Roads,Chicago,33333
1708,Jonathan,Reed,reyesderrick@example.org,+1-604-925-9834x918,27411 Sullivan Course Suite 134,New York,33333
1709,Harry,Maddox,alicia31@example.com,(698)765-8134x103,8502 Taylor Squares Apt. 132,New York,11111
1710,Steven,Griffin,gregory56@example.org,5585399339,0917 Norma Station Suite 928,Chicago,11111
1711,Michael,Harris,mariastephens@example.org,927.650.9315x495,95393 Amanda Port,Houston,555555
1712,Sierra,Jones,cporter@example.com,001-638-402-3969x684,136 Dunn Wall Apt. 965,Miami,22222
1713,April,Shaffer,stevenmarsh@example.org,001-450-212-2392,8228 Butler Circles Suite 988,Miami,555555
1714,Keith,Johnson,michaeldavis@example.net,(652)219-9275,0850 Dylan Parks,Miami,555555
1715,Johnny,Brown,cobbrobert@example.org,758.699.3907x26750,48381 Baldwin Plaza Suite 126,Houston,555555
1716,Ashley,Kent,christinetorres@example.com,565-767-9535x788,8756 Wilson Gardens,Houston,22222
1717,Stephen,Grimes,lucasflynn@example.com,938.958.3667,80151 Perry Lodge Suite 935,Los Angeles,555555
1718,Amanda,Stewart,jessica13@example.com,(993)814-0504x82007,5904 Kimberly Fork,Los Angeles,22222
1719,Kendra,Marshall,gonzaleswilliam@example.org,(798)428-0235x71071,0850 Steven Corner,New York,555555
1720,Jennifer,Mills,hannah74@example.org,001-758-576-4472x046,92244 Anderson Plaza,Chicago,555555
1721,Edward,Hernandez,rachael30@example.com,311-606-9045,555 Buchanan Expressway Apt. 753,Miami,22222
1722,Tammie,Michael,eric93@example.com,001-233-249-1389x313,5047 Justin Squares,Chicago,11111
1723,Barbara,Rojas,hartdale@example.org,001-400-424-4003,07777 Morse Ferry Apt. 417,New York,444444
1724,Peter,Cooley,andrearyan@example.com,(521)784-5733,215 Stephen Drive Apt. 172,Chicago,555555
1725,Michele,Wilson,waterslawrence@example.com,981.617.0730,895 Haney Branch,Houston,444444
1726,Michael,Jones,edwardssandra@example.net,210.506.7447x51803,160 Garcia Manor Suite 162,New York,22222
1727,Matthew,Woodward,rwilliams@example.org,943.520.5960x533,0927 Burns Lakes Suite 508,Los Angeles,33333
1728,Tyler,Robinson,xosborne@example.com,428-559-0451x0561,11081 Colleen Freeway Apt. 631,New York,555555
1729,Paul,Reed,clarkcatherine@example.org,001-961-380-9211,731 Smith Unions,Houston,555555
1730,Crystal,Berry,eddie19@example.com,(629)747-8779x8825,21435 Kristine Pine,Los Angeles,444444
1731,Carla,Mejia,freemanleon@example.net,377-713-5093x650,67909 Jeff Inlet,Houston,555555
1732,Lauren,Jackson,cmontoya@example.org,9914271781,75802 Baker Manors,Miami,11111
1733,Michael,Jackson,huynhanna@example.net,001-586-746-7913x5173,8133 Nicholas Coves,Los Angeles,33333
1734,Kelly,Russell,samuelparker@example.com,892.646.2763,361 Gary Village,New York,22222
1735,Tracey,Mccarthy,jdavis@example.net,968-638-8953x402,1496 Miller Roads,Chicago,555555
1736,Tina,Barnes,lindseybishop@example.com,917-637-4105,36793 Wu Locks Apt. 018,Chicago,555555
1737,Jason,Mullins,robert94@example.com,964-549-6021,27813 Bradford Causeway Suite 733,Los Angeles,555555
1738,Lindsay,Crane,anne17@example.com,-6326,13822 Maria Villages,Chicago,22222
1739,Joseph,Dougherty,ernest68@example.com,(616)528-5604x145,81526 Davis Park Suite 917,Los Angeles,22222
1740,Keith,Richard,blakemarquez@example.net,001-611-682-3261,4849 Phillip Row Suite 861,New York,22222
1741,Martha,Copeland,randyhunter@example.org,(276)425-7466x204,58206 Salazar Shores,Los Angeles,555555
1742,Andrew,Williams,danielbaker@example.com,212.998.6860x152,50557 Stone River,New York,555555
1743,Jason,Pennington,henrypatricia@example.org,948.228.6552,28557 Christopher Mission Suite 465,New York,33333
1744,Katelyn,Nguyen,mary11@example.org,001-994-480-7105x680,627 Snow Ramp,Houston,22222
1745,Lauren,Cooper,jonathancannon@example.com,(393)217-7848,0052 Harmon Point,Chicago,33333
1746,Richard,Nelson,amanda18@example.org,001-594-453-9159x34967,17924 Reese Dale,New York,444444
1747,Isaiah,Blevins,jenkinsjanet@example.com,(404)220-3114x751,6639 Peters Knoll,Houston,444444
1748,Christopher,Arnold,thomasnicholas@example.net,(670)762-8936,40438 William Dam,Miami,33333
1749,Laura,Robinson,jasongibbs@example.net,001-796-611-3514,3371 Smith Creek,Miami,22222
1750,Angela,Hunter,tbailey@example.org,(210)743-8381x6706,454 Erik Common Suite 589,Chicago,444444
1751,Deborah,Shields,meganraymond@example.org,973.263.0841,594 Madison Ramp,Chicago,11111
1752,Lori,Russell,thompsonkelly@example.com,+1-423-274-9963x59224,233 Lisa Vista Suite 707,New York,22222
1753,Bobby,Cochran,rcameron@example.org,428.833.2939x8144,46847 Paul Place,Miami,555555
1754,Madeline,Mayo,james77@example.org,282.608.3345,8331 Trevor Trafficway Suite 728,New York,33333
1755,Kelly,Lewis,johnbates@example.org,(276)263-0085x3685,8023 Mejia Fords,Chicago,33333
1756,Mary,Smith,wendynichols@example.net,493.743.4785,0185 Parker Flat,New York,444444
1757,Roberto,Olson,stephanie96@example.org,(430)286-9467x92798,276 Kevin Springs,Los Angeles,11111
1758,Nicholas,Morgan,garciastephanie@example.org,(791)424-0062x945,761 Ryan Skyway,Houston,33333
1759,Heather,Mcgee,xhaley@example.com,(870)748-1967,53220 Forbes Station,Los Angeles,11111
1760,Robert,Neal,meganharrington@example.net,(509)563-0163x304,67914 Butler Circles,Houston,11111
1761,Thomas,Whitehead,sarah76@example.com,-3964,321 Foster Squares Apt. 284,Los Angeles,11111
1762,Stuart,Vaughn,tylerbrown@example.com,272-238-4445x586,825 William Points,Houston,22222
1763,Melissa,Johnson,yyoung@example.org,(474)612-8077,2725 Tyler Valley Suite 216,Chicago,11111
1764,Christine,Ramirez,jon01@example.com,001-530-998-6843,578 Manning Station,Chicago,22222
1765,Kenneth,Smith,danielvargas@example.com,6864802203,181 Wagner Spur,Chicago,33333
1766,Natalie,Baldwin,ysmith@example.net,2409074137,014 Kim Union Apt. 849,Miami,555555
1767,Amanda,Anderson,ischultz@example.org,2374015100,567 Rogers Lake,Miami,555555
1768,Charles,Lester,jessica87@example.net,(541)760-2853,680 Connie Fork Suite 472,Houston,11111
1769,Mark,Villa,ehutchinson@example.com,+1-392-929-1107x02977,62272 Rogers Springs,Miami,22222
1770,Leslie,Mayo,kleinsummer@example.org,395-451-7467,299 Monica Estates Apt. 562,Miami,11111
1771,Michael,Salinas,harrisjacob@example.net,001-329-768-4988,197 Fuller Court,Los Angeles,33333
1772,Jeffery,Brown,travisheath@example.com,573-232-5200,7181 John Shoals Apt. 099,Houston,22222
1773,Heather,Herrera,kmacdonald@example.org,-8286,929 Arnold Summit Apt. 664,Miami,22222
1774,Wesley,Weber,joshuadavis@example.com,(838)779-7502,12415 Joseph Lodge,Houston,22222
1775,Jacqueline,Shea,felicia50@example.com,599.987.1084,149 George Pine Apt. 798,Houston,555555
1776,Rebecca,Lang,owensryan@example.net,+1-431-697-4052x48432,2833 Robinson Prairie,Houston,555555
1777,Matthew,Grant,erin30@example.net,001-574-652-9633x66884,3542 Erin Plaza Suite 957,Chicago,22222
1778,Courtney,Johnson,oliveramy@example.org,598-795-4859x099,589 Robinson Causeway,Chicago,33333
1779,Heather,Garrison,abbottjames@example.org,971.876.3220x07541,1706 Stephen Bridge Apt. 992,Houston,11111
1780,Jennifer,Murray,vcrawford@example.org,783.677.7791,76276 Kathy Shore,Los Angeles,444444
1781,Antonio,Morris,wmitchell@example.org,001-907-841-9310x962,376 Eric Groves Apt. 318,Chicago,22222
1782,Oscar,Cox,vsloan@example.net,001-371-211-3824,693 Mays Vista Apt. 711,New York,22222
1783,Terri,White,johnduran@example.net,767-940-5574x4707,034 Dominguez Mall,New York,11111
1784,Jesus,Hoffman,speterson@example.net,229.527.3292,2003 Becker Street Apt. 824,Los Angeles,22222
1785,Whitney,Bonilla,ryanmichelle@example.net,7026875958,91484 Rangel Ridges,New York,22222
1786,Catherine,Walker,krystal70@example.org,696-287-8688x000,50186 Robin Avenue,Houston,22222
1787,Rodney,Hunter,mariah55@example.org,783.733.9079x8276,425 Danielle Prairie Suite 821,New York,444444
1788,Susan,Murphy,mary13@example.org,+1-810-412-1250x967,150 Snyder Ford Apt. 077,Miami,11111
1789,Justin,Ferrell,elizabethmack@example.org,821-482-2031,608 Dean Terrace Apt. 272,Miami,444444
1790,Shawn,Bryant,danielkline@example.net,727-257-0654x71306,9621 Kelley Islands,Los Angeles,33333
1791,Lauren,Hines,awarner@example.net,+1-452-227-6850x53680,78382 Fisher Plains Suite 066,New York,555555
1792,Ashley,Mcbride,sandovalsara@example.org,(840)812-0879x986,2821 Robinson Inlet,Houston,33333
1793,Shane,Johnson,ucole@example.com,447-368-2935,542 Potter Junctions Apt. 658,Miami,22222
1794,Jeremy,Schmidt,zhoffman@example.com,+1-937-596-7745x4344,43188 Brandi Ranch Suite 512,Houston,555555
1795,Sean,Wilson,martinezcheryl@example.net,+1-586-473-8677x6857,7318 Travis Place,Houston,444444
1796,Cody,Boyer,jfoster@example.org,9697369113,8365 Mitchell Court,New York,33333
1797,Gregory,Barber,jerrygray@example.org,(674)794-5542,1777 Zachary Spurs Suite 674,Houston,555555
1798,Jennifer,Caldwell,amandaphillips@example.net,+1-651-889-8424x5099,23830 Samantha Center Suite 925,Los Angeles,22222
1799,Joseph,Stewart,eharris@example.org,(842)330-0745,71387 Jaclyn Crossing Suite 195,Los Angeles,33333
1800,Shelby,Copeland,fthompson@example.net,001-649-577-7688x41731,846 Kristine Groves,Los Angeles,22222
1801,Erica,Harris,kevin47@example.org,(971)314-9510x13908,874 Cristina Path,New York,555555
1802,Jordan,Myers,jessicacarter@example.com,(887)365-2797x22358,1879 Brandon Manor Apt. 899,New York,444444
1803,Emma,Harris,mjackson@example.com,610-296-6118x248,9383 Dustin Forks,Miami,555555
1804,Melissa,Jones,alexandra39@example.net,657.256.0771x0873,00951 Aaron Plaza,Los Angeles,11111
1805,Joshua,Freeman,darinflores@example.com,8197689851,564 Lawrence Points,Los Angeles,22222
1806,Diane,Huynh,xthomas@example.net,001-940-808-3413,6079 Nancy Route,Los Angeles,444444
1807,Tonya,Flores,jonathanbender@example.org,+1-683-842-3117x2370,23976 Larsen Plains Apt. 904,Los Angeles,22222
1808,Patrick,Hooper,landrynancy@example.com,960-547-9476x971,5451 Reed Station Suite 555,Houston,555555
1809,Angela,Brown,abailey@example.org,723.693.8708x53657,712 Jerry Springs Apt. 537,Miami,444444
1810,Melissa,Greene,margaretedwards@example.org,(330)432-1480,80333 Grant Fall Apt. 774,Los Angeles,444444
1811,Maria,Moore,michele19@example.net,001-515-352-7177x154,30412 Hood Corner Suite 772,Chicago,22222
1812,Gabriel,Whitaker,graymichael@example.com,614-679-0953x2668,400 Linda Landing Suite 504,Miami,33333
1813,Valerie,Barron,mitchellrogers@example.com,(658)764-9495,4229 Thompson Junction,Los Angeles,11111
1814,Amber,Cannon,upowers@example.net,811-368-0053,2138 Alyssa Tunnel,Miami,444444
1815,William,Sanchez,michael30@example.org,288.826.4564,3225 Andrew Crest,Chicago,555555
1816,Elizabeth,Turner,boonehannah@example.com,001-385-335-9353x7094,15150 Kayla Garden,Los Angeles,33333
1817,Cynthia,George,megan99@example.org,(822)969-0563,5145 Owens Vista,Chicago,444444
1818,Antonio,Ward,alvaradoaaron@example.org,001-778-390-4796x4017,4810 Miller Haven Suite 150,Chicago,33333
1819,Todd,Jones,vazqueztyler@example.org,619.819.2044x359,2960 Christopher Mountain,Chicago,444444
1820,Brian,Benjamin,stephenhill@example.org,001-360-641-5516,7805 Hall Islands,Miami,22222
1821,Laura,Cardenas,millskelly@example.org,352.665.0594x96964,79935 Christopher Pine Apt. 325,Chicago,11111
1822,Keith,Mitchell,jfischer@example.org,383-558-2210x0706,82039 Sanchez Turnpike,Los Angeles,11111
1823,David,Odonnell,shannon41@example.com,869-869-6397,375 Love Islands,New York,11111
1824,Aaron,Green,zpena@example.com,+1-714-640-0244x6903,517 Miller Glen,Houston,22222
1825,David,Jenkins,whitesusan@example.com,364-390-1353x07540,53551 Dawn Grove Suite 622,Houston,555555
1826,Kristopher,Coleman,john35@example.com,(451)988-1828x230,14194 Day Roads,New York,22222
1827,Brenda,White,megan81@example.org,647.956.2392,2322 Christopher Estates Suite 384,New York,33333
1828,Daniel,Nunez,chasethompson@example.net,001-565-204-4400x558,603 Ricky Street,Houston,33333
1829,Larry,Harding,steven12@example.org,-6262,5268 Kline Viaduct,Miami,11111
1830,Dustin,Williamson,jose93@example.com,368-661-5961x586,738 Skinner Circles,Miami,555555
1831,Adam,Brown,amberking@example.org,001-718-626-2703x216,581 Soto Unions Suite 834,New York,555555
1832,Jose,Vargas,mikebrown@example.com,001-932-576-5311x03337,5740 Rodriguez Ramp Apt. 882,Los Angeles,22222
1833,Jennifer,Scott,andrewslisa@example.net,355-494-2509,635 Victor Run,Los Angeles,11111
1834,Amanda,Horn,craignichole@example.org,817.584.6585x2830,25665 Perkins Rest Suite 818,Houston,555555
1835,Michelle,Williams,tinawallace@example.com,902-309-2534x89291,889 Taylor Springs,Chicago,11111
1836,Timothy,Chambers,david79@example.org,001-552-347-9756,086 Benjamin Park Apt. 231,Miami,555555
1837,Brittany,Nelson,kimberlymiller@example.org,851.310.7689x90166,73700 Michelle Gateway,Houston,33333
1838,William,Stewart,crystalfinley@example.com,360-256-6859,7610 Alan Drives Suite 194,Miami,11111
1839,Stacey,Gonzales,devans@example.com,408.868.7962,25180 Carla Summit Apt. 964,Houston,11111
1840,Robert,Davis,ricesharon@example.com,001-313-897-2415,673 Andrade Park,Miami,555555
1841,Jocelyn,Miller,paula70@example.org,(477)636-8421x9154,2056 Pearson Greens,Chicago,33333
1842,Victoria,Barnes,thompsonvickie@example.net,411-945-9856x7305,65920 Perry Ville,Los Angeles,22222
1843,Cynthia,Ramirez,hharrison@example.org,001-369-570-4517x3376,42846 Guerra Ranch,Los Angeles,11111
1844,Emily,Myers,aaroncampbell@example.org,(341)990-6119x39908,20715 Owens Fords,Los Angeles,11111
1845,Barbara,Williams,frobinson@example.org,+1-729-329-5187x40837,5395 Alexander Knoll Apt. 642,New York,22222
1846,Michael,Barnett,lacey53@example.com,(661)678-4527x7532,738 Michael Island Apt. 305,Miami,444444
1847,Miranda,Cunningham,dbennett@example.org,+1-990-333-8404x1236,3251 Debra Lodge,Houston,555555
1848,Dorothy,Miller,anna36@example.net,636-329-2226x17223,86745 Williams Village,Miami,33333
1849,Michelle,White,lelliott@example.org,(986)218-6662,260 Hodge Curve,Los Angeles,22222
1850,Nathaniel,Strickland,robinsonamber@example.net,001-297-866-3620x47773,463 Brown Street,Los Angeles,444444
1851,Raven,Miller,veronica76@example.org,448.933.6577x07964,87514 Stewart Curve Suite 564,Miami,555555
1852,Roger,Hurley,michael66@example.com,001-759-968-9078x05424,84975 Donald Expressway,Chicago,444444
1853,William,King,nataliebarron@example.org,910-909-3109x50552,279 Stephen Points,New York,22222
1854,Patricia,Navarro,nsmith@example.net,501.727.4551x3305,6507 Robin Radial,Los Angeles,33333
1855,Stephen,Olson,katiecochran@example.com,001-401-802-7281x1793,776 Devin Plain,Miami,22222
1856,Joe,Martin,melissahale@example.com,(203)310-5349x896,29759 Andrea Corner,Los Angeles,33333
1857,Walter,Lozano,ericlee@example.com,(595)558-7218x960,1122 Anderson Locks Suite 190,Chicago,33333
1858,Pamela,Brennan,geoffreylucas@example.org,439-451-4832x041,985 Elizabeth Ports,Los Angeles,444444
1859,Joseph,Gibson,stewarternest@example.com,930.564.7621x41528,0411 Edwards Expressway Apt. 601,Los Angeles,33333
1860,Christopher,Hubbard,kanealexandra@example.com,258-344-5553x44380,96325 Andrea Ports,Miami,444444
1861,Monica,Greene,paulyoung@example.com,230-677-6043x86942,4665 Michael Fort Apt. 337,New York,33333
1862,James,Bowers,andrew53@example.org,001-616-516-6155,558 Sarah View,Houston,22222
1863,Denise,Thomas,melaniemitchell@example.com,+1-790-840-3889x60624,53035 Jones Summit,Los Angeles,11111
1864,Julia,Keller,harrislindsay@example.net,(804)303-8455x023,72065 Drake Crossing,New York,33333
1865,Julie,Luna,dawnjohnson@example.net,-4466,06408 Elizabeth Garden,Houston,33333
1866,Craig,Gonzalez,hicksjeanette@example.org,+1-350-988-9973x92127,08393 Garcia Mount Apt. 738,Houston,444444
1867,Michael,Rose,davidlara@example.net,+1-392-202-9988x4036,1310 Kevin Squares Suite 018,Chicago,11111
1868,Benjamin,Russell,jennifer31@example.net,001-489-723-5983,24977 Whitaker Union,New York,33333
1869,Drew,Reeves,daniel01@example.com,927-430-1653,26158 Martinez Grove,Houston,444444
1870,Gabriel,Collier,vlarson@example.net,(703)865-9962,577 Melissa Gardens,New York,33333
1871,Tracy,Jones,hgill@example.org,001-906-861-5995x1732,1753 Austin Mission Apt. 102,New York,33333
1872,Larry,Brown,rsanders@example.org,(399)224-5888,055 Alexander Common Suite 658,Los Angeles,11111
1873,Ashley,Mitchell,thomasbarron@example.com,001-860-572-4157,58266 Barr Landing Apt. 795,Miami,11111
1874,Kimberly,Clark,trivers@example.com,-9307,28933 Howell Station Apt. 835,Houston,33333
1875,Morgan,Johnson,kenneth37@example.org,808.804.8461x78465,038 Victoria Brooks,Los Angeles,11111
1876,Zachary,Warner,bartlettsharon@example.net,001-337-451-2965x16980,14933 Ramos Heights,Los Angeles,555555
1877,Kimberly,Cooper,tiffanymartinez@example.org,(642)259-7622x1180,2330 Kristen Forge,Houston,33333
1878,Lawrence,Wall,cmason@example.org,518.758.2255,1472 Maldonado Summit,New York,33333
1879,Kelly,Hayes,robert89@example.com,(926)900-4776x8457,2830 Danny Route,Los Angeles,33333
1880,Robert,Wood,jacob35@example.org,+1-735-203-2069x8490,596 Reese Ville,Houston,11111
1881,Sabrina,Graham,cfox@example.org,001-478-688-2016x13726,514 Rodriguez Stream Suite 699,Miami,11111
1882,Alicia,George,rsanchez@example.org,809-775-7109x88025,116 Peterson River,Chicago,444444
1883,John,Taylor,holdermariah@example.net,(620)597-6824x27593,31332 Monica Villages Suite 113,New York,11111
1884,Andrew,Cunningham,tracey37@example.com,+1-884-779-9221x6884,3727 Flores Neck,Miami,11111
1885,Christopher,Rios,hallricardo@example.net,001-942-272-4029,564 King Turnpike Suite 898,Miami,11111
1886,Tonya,Hopkins,nherman@example.net,-9696,6817 James Ranch Suite 666,Los Angeles,11111
1887,Alexander,Spencer,rsullivan@example.com,305-531-0437,915 Miller Motorway Apt. 545,Miami,22222
1888,Stacy,Rose,brandy45@example.org,-9003,632 Middleton Expressway,New York,33333
1889,Ryan,Liu,robertserica@example.org,709.926.0910x949,3306 Jenkins Roads Suite 425,New York,22222
1890,Veronica,Lamb,bsmith@example.org,001-595-616-0244x53374,73991 Cory Causeway,Los Angeles,444444
1891,Adam,Wong,garciajohn@example.net,4062664302,10782 Mitchell Islands Suite 881,New York,22222
1892,Jason,Frye,mariahdixon@example.net,229.749.4285x781,736 Rita Brook Suite 341,Los Angeles,444444
1893,Christopher,Mcclain,marie28@example.org,001-844-438-4210,71599 Vanessa Garden Suite 818,New York,33333
1894,Julie,Love,christophersalazar@example.net,-3200,097 Miller Ridges Suite 974,Chicago,22222
1895,James,Ferguson,kryan@example.net,366-784-4241x5660,150 Christine Course Suite 043,Houston,444444
1896,Kaitlyn,Ibarra,brandon31@example.org,001-748-307-3848,65970 Michael Mountains,New York,11111
1897,Christopher,Walton,kenneth79@example.net,819.356.5209x5103,833 Miller Key Suite 572,New York,22222
1898,Sarah,Dennis,kayla89@example.org,206-223-0508,115 Morris Drive Apt. 667,Los Angeles,555555
1899,Brandy,Jones,marcus79@example.net,990.300.2330x25512,7755 Sandra Manor,Miami,11111
